id_1,HYBAS_ID,Year,Ephemeral,Seasonal,Permanent
0,2120048790,1984,0.018,0.0144,0.009
1,2120048800,1984,0.1719,0.0702,0.0441
2,2120406340,1984,0.2187,0.0495,0.0468
3,2120406010,1984,0.0549,0.0486,0.0801
4,2121124090,1984,0.207,0.0324,0.1071
5,2121123310,1984,0.045,0.0117,0
6,2121123100,1984,0.135,0.0837,0.0594
7,2121123970,1984,0.0819,0.0099,0.0315
8,2120048810,1984,0.0918,0.0468,0.1521
9,2120048820,1984,0.5049,0.2907,1.0989
10,2120048830,1984,1.0062,0.5832,1.1889
11,2120048840,1984,0.0234,0.0198,0.0225
12,2120048850,1984,0.0684,0.0432,0.1251
13,2120048860,1984,0.0207,0.0036,0.0063
14,2120048870,1984,0.0288,0.0072,0.0117
15,2120048880,1984,0.0603,0.1467,0.0666
16,2120048890,1984,0.0027,0.0054,0.0144
17,2120048900,1984,0.0414,0.0387,0.0504
18,2121123780,1984,0.0261,0,0
19,2121122980,1984,0.0324,0.0234,0.0099
20,2120048910,1984,0.0378,0.0072,0.0225
21,2120048920,1984,0.3294,0.0081,0.0252
22,2120406160,1984,0.0297,0.009,0.0144
23,2120406000,1984,0.162,0.0054,0
24,2120403840,1984,0.0144,0.0045,0.0153
25,2120403700,1984,0.0288,0,0
26,2120400620,1984,0,0,0
27,2120400610,1984,0.0099,0.0144,0.0108
28,2120400020,1984,0.0018,0,0
29,2120399900,1984,0.0009,0,0
30,2120399160,1984,0,0,0
31,2120399170,1984,0.0072,0.0081,0.0027
32,2120048930,1984,0.2952,0.2979,0.9675
33,2120048940,1984,0.4329,0.774,0.8856
34,2120048950,1984,0.0072,0.0126,0.0135
35,2120048960,1984,0.198,0.1071,0.1386
36,2120048970,1984,0.0108,0.0225,0.0117
37,2120048980,1984,0.009,0.0198,0.0099
38,2120412030,1984,0.0018,0.0045,0.0027
39,2120411910,1984,1.6443,0.4293,1.2402
40,2120411090,1984,0.4005,0.0117,0
41,2120410970,1984,0.0963,0.0153,0.0081
42,2120410150,1984,0.0612,0.0153,0.0117
43,2120409980,1984,0.0144,0.0855,0.0063
44,2121124650,1984,0.0054,0.0009,0
45,2121125410,1984,0,0,0
46,2120404020,1984,0,0,0
47,2120403830,1984,0,0,0
48,2120403200,1984,0,0,0
49,2120403080,1984,0.0054,0,0
50,2120402990,1984,0,0,0
51,2120402900,1984,0.0036,0,0
52,2121124750,1984,0.0369,0,0
53,2120402590,1984,0,0,0
54,2120402800,1984,0.0576,0.063,0.072
55,2120401590,1984,0.0387,0.0009,0.0153
56,2120401340,1984,0,0,0
57,2120405990,1984,0.0261,0,0
58,2120406330,1984,0,0,0
59,2121121730,1984,0,0,0
60,2121123960,1984,0.0747,0.0036,0.0018
61,2121122150,1984,0.0549,0.0027,0.0774
62,2121121040,1984,0.0126,0,0
63,2120048990,1984,0.018,0.0315,0.0243
64,2120049000,1984,0.1341,0.2151,0.5679
65,2120049010,1984,0.4239,0.0387,0.0585
66,2120049020,1984,0.7479,0.072,0.0936
67,2121126380,1984,0.567,0.018,0.0027
68,2121126230,1984,0,0.0009,0.0018
69,2120049030,1984,0.5535,0.4068,1.7946
70,2120049040,1984,0,0,0.0018
71,2120049050,1984,0.0108,0,0.0036
72,2120049060,1984,0.0072,0.0018,0.0018
73,2121125910,1984,0,0,0
74,2121125540,1984,0.0828,0,0
75,2120049070,1984,0.0027,0,0.0009
76,2120049080,1984,0.0243,0.0153,0.0342
77,2120049090,1984,0.063,0.009,0.036
78,2120049100,1984,0.0423,0.0009,0.0009
79,2120049110,1984,0,0,0
80,2120049120,1984,0.0432,0.0045,0.0342
81,2120411350,1984,0,0,0
82,2120411360,1984,0,0,0
83,2120410850,1984,0.0009,0,0
84,2120410860,1984,0,0,0
85,2121125790,1984,0.0207,0.0018,0.0036
86,2121125040,1984,0.0315,0.0009,0
87,2121124610,1984,0.0036,0,0
88,2120404270,1984,0,0,0
89,2120404280,1984,0.9621,0.2412,0.2745
90,2120049130,1984,0.0693,0.0063,0.0252
91,2120049140,1984,0.2547,0.0576,0.1494
92,2120415650,1984,0.2196,0.1503,0.3042
93,2120415640,1984,0.0126,0.0081,0.0108
94,2120049150,1984,0.0117,0.0396,0.0783
95,2120049160,1984,0.0153,0.1161,0.1305
96,2120049170,1984,0.0765,0.0657,0.1701
97,2121129040,1984,0.0198,0,0
98,2121128030,1984,0.0018,0.0189,0.0459
99,2120049180,1984,0.1233,0.3735,0.99
100,2120049190,1984,0.0297,0.0414,0.0855
101,2120049200,1984,0.0099,0.0243,0.0171
102,2120049210,1984,0.0162,0.0207,0.009
103,2120049220,1984,0,0.0099,0.0027
104,2120049230,1984,0.2043,0.0711,0.1071
105,2120049240,1984,0.0081,0.0387,0.0558
106,2120049250,1984,0.7155,0.2358,0.7884
107,2120049260,1984,0.0585,0.0675,0.3888
108,2120049270,1984,0.0207,0.0162,0.0054
109,2120049280,1984,0.0117,0.0018,0.0036
110,2120049290,1984,0.0252,0.0045,0.0063
111,2120415550,1984,0.0108,0,0
112,2120415630,1984,0.0036,0,0
113,2120414110,1984,0.0135,0,0.0009
114,2120414120,1984,0.0027,0,0
115,2120413910,1984,0.0018,0.0009,0
116,2120413850,1984,3.8511,0,0
117,2120413590,1984,0,0,0
118,2120413460,1984,0.1818,0.0225,0.243
119,2120049300,1984,0.0801,0.0216,0.0441
120,2120049310,1984,0.0054,0.0351,0.0315
121,2120049320,1984,0.0936,0.0954,0.2124
122,2120049330,1984,0.0045,0.0279,0.0099
123,2120049340,1984,0.0036,0.0126,0.0099
124,2120049350,1984,0.0135,0.0009,0
125,2121128890,1984,2.0538,0.1242,2.3436
126,2120049360,1984,0.9063,0.1341,0.4257
127,2120049370,1984,0,0.0027,0.0009
128,2120423930,1984,0.3672,0.0522,0.2889
129,2120423790,1984,0.0153,0.0072,0.0063
130,2120049380,1984,0.6102,0.3654,2.2158
131,2120049390,1984,0.3159,0.1503,0.5283
132,2120049400,1984,0.0378,0.0531,0.1071
133,2120049410,1984,0.3348,0.3213,0.6381
134,2120049420,1984,0.009,0.0009,0.0027
135,2121128600,1984,0.3132,0.0477,0.2547
136,2120049430,1984,0.369,0.6687,0.6894
137,2120049440,1984,0.0675,0.0477,0.0513
138,2120049450,1984,0.054,0.0297,0.0288
139,2121124320,1984,0.3699,0.0027,0.0054
140,2120408840,1984,0,0,0
141,2120408850,1984,0.0387,0.0918,0.0846
142,2120409050,1984,0.0189,0,0
143,2120409150,1984,0.0396,0,0.0018
144,2121125210,1984,0.063,0,0
145,2120049460,1984,0.0018,0,0
146,2120049470,1984,0.0117,0,0.0027
147,2120049480,1984,0.0423,0.0693,0.0531
148,2121123300,1984,0.027,0,0
149,2120406510,1984,0.0315,0.0027,0.0126
150,2120406150,1984,0,0,0
151,2120404920,1984,0.0279,0,0
152,2120404910,1984,0.0081,0,0
153,2120407470,1984,0,0,0
154,2120407320,1984,0.0036,0,0
155,2120408260,1984,0.0144,0.0027,0.0009
156,2120408420,1984,0.009,0,0
157,2120049490,1984,0.315,0.4131,0.657
158,2120049500,1984,0.306,0.0783,0.2817
159,2120049510,1984,0.0945,0.0135,0.0198
160,2120049520,1984,0.2052,0,0.0045
161,2120400470,1984,0.0126,0,0.0063
162,2120400600,1984,0.0171,0.0333,0.162
163,2120402980,1984,0.0009,0,0
164,2120402970,1984,0.0072,0,0
165,2120404010,1984,0.0117,0,0
166,2120404000,1984,0,0,0
167,2120404570,1984,0.0207,0,0
168,2120404580,1984,0.0234,0,0
169,2121123740,1984,0.0036,0,0
170,2121123830,1984,0.1881,0.3096,0.0198
171,2121123910,1984,0.0054,0.0045,0.0054
172,2121124520,1984,0.1269,0.0567,0.3087
173,2120049530,1984,0,0,0
174,2120049540,1984,0.009,0,0
175,2120049550,1984,0.0513,0.0099,0.0324
176,2121121920,1984,1.1727,0.0009,0
177,2121122320,1984,0.0297,0,0
178,2121122930,1984,0.0585,0,0.0018
179,2120049560,1984,0.0585,0.0198,0.036
180,2120049570,1984,0.0504,0.0054,0.0846
181,2120049580,1984,0.1836,0.0162,0.009
182,2120049590,1984,0.2556,0.0423,0.2304
183,2120049600,1984,0.2268,0.252,0.693
184,2120049610,1984,0.2241,0.0756,0.1818
185,2120392820,1984,0,0,0
186,2120392650,1984,0.3285,0.0108,0.0099
187,2120393550,1984,0.1899,0.3555,5.3622
188,2120393560,1984,0.0657,0.0171,0.0207
189,2120393990,1984,0,0,0
190,2120394130,1984,0,0,0
191,2120395190,1984,0.0018,0,0
192,2120395410,1984,0,0,0
193,2120395880,1984,0.0369,0.0009,0.0063
194,2120395890,1984,0,0,0
195,2120395750,1984,0,0,0
196,2120395970,1984,0.1026,0.0036,0.0144
197,2120395050,1984,0.0324,0.0045,0.0252
198,2120395420,1984,0.0108,0.009,0
199,2121121480,1984,0.4968,0.0045,0.0477
200,2120392390,1984,0.0117,0.0225,0.0297
201,2120392560,1984,0.0927,0.0252,0.0648
202,2121118880,1984,0.0351,0.027,0.0963
203,2121118390,1984,0.0009,0,0
204,2120049620,1984,0.0576,0.1134,0.3906
205,2120049630,1984,0.0351,0.0072,0.0009
206,2120049640,1984,0,0,0
207,2120049650,1984,0.0027,0.0027,0.0513
208,2120049660,1984,0.3285,0.0747,0.1917
209,2120383640,1984,0.0756,0.0999,0.216
210,2120383430,1984,0.2583,0.0576,0.0225
211,2120381400,1984,0.036,0.027,0.0432
212,2120381270,1984,0,0,0
213,2120381280,1984,0.0324,0.0666,0.0549
214,2120381110,1984,0.1404,0.0261,0.0063
215,2120380060,1984,0.0657,0.0783,0.0549
216,2120379970,1984,0.2583,0.1449,0.1485
217,2120378450,1984,0.0198,0.027,0.0036
218,2120378340,1984,0.8487,0.2295,0.0756
219,2120378350,1984,0.1422,0.027,0.0288
220,2120378570,1984,0.1179,0.0135,0.0225
221,2121114540,1984,0.0369,0,0
222,2120376030,1984,0.234,0.0234,0.0216
223,2120375930,1984,0.0351,0.0126,0.0171
224,2120373410,1984,0.0234,0.0009,0
225,2120373340,1984,0.1539,0.0612,0.0324
226,2121113080,1984,0.0423,0.0126,0.0054
227,2121112390,1984,0.0612,0.0045,0.0225
228,2120371390,1984,0.1314,0.0756,0.4068
229,2120371290,1984,0.2853,0.081,0.0477
230,2120375310,1984,0.0081,0,0
231,2120375200,1984,0.1071,0.0117,0.0036
232,2120368990,1984,0.0675,0.0297,0.1089
233,2120368910,1984,0.0504,0.0756,0.0549
234,2120373790,1984,0.027,0,0
235,2120373640,1984,0.2169,0.0135,0.0279
236,2120372270,1984,0.0288,0.027,0.0666
237,2120372100,1984,0.1053,0.144,0.6075
238,2121109900,1984,0.1557,0.0171,0.5409
239,2120369500,1984,0.0261,0,0.0252
240,2120369260,1984,0.0261,0.0009,0
241,2120373240,1984,0.0126,0.0027,0
242,2120373150,1984,0.027,0.0225,0.0225
243,2121109610,1984,0.1098,0.0702,0.2043
244,2121111200,1984,0.0153,0,0
245,2120372280,1984,0.0513,0.0387,0.0189
246,2120372510,1984,0.0675,0.0504,0.0459
247,2120363430,1984,0.063,0.0882,0.1134
248,2120363360,1984,0.1899,0.0189,0.0378
249,2120368180,1984,0.0378,0,0
250,2120370330,1984,0.0243,0.0369,0.0189
251,2120368170,1984,0.0198,0,0
252,2120370200,1984,0.0234,0,0
253,2121113920,1984,0.0225,0.0063,0
254,2120367840,1984,0.0099,0.0081,0.009
255,2120367550,1984,0.0198,0.0144,0
256,2121108240,1984,0.1674,0.0576,0.2331
257,2120368740,1984,0.0117,0.0009,0
258,2120368800,1984,0.3087,0.0819,0.1044
259,2120369400,1984,0.09,0.0783,3.6711
260,2120369510,1984,0.126,0.0927,0.1449
261,2121110370,1984,0.1566,0.063,0.3087
262,2120368690,1984,0.0009,0,0
263,2120368410,1984,0.0189,0.0288,0.0036
264,2120360290,1984,0.0243,0,0
265,2120360530,1984,0.2124,0.036,0.1512
266,2120359650,1984,0.1017,0.0162,0.0135
267,2120359860,1984,0.1179,0.0189,0.0954
268,2120358670,1984,0.0702,0.0099,0.0054
269,2120358600,1984,0.0594,0,0.0072
270,2121110490,1984,0.5751,0.1782,0.7902
271,2120358840,1984,0.0837,0.0126,0.1116
272,2120358830,1984,0.0909,0.0306,0.0225
273,2120357850,1984,0.1071,0.0558,0.1701
274,2120357750,1984,0.0441,0.0279,0.0207
275,2120357960,1984,0.1485,0.1125,0.8361
276,2120358170,1984,0.0036,0.0072,0.0027
277,2121105960,1984,0.1422,0.1143,0.6093
278,2121106650,1984,0.126,0.1368,0.8865
279,2121105810,1984,0.0918,0.0378,0.0459
280,2120358160,1984,0.0459,0.0072,0
281,2120358040,1984,0.0189,0.0513,0.0135
282,2120357170,1984,0,0.0099,0.0261
283,2120357180,1984,0.0783,0.0144,0.0252
284,2120362160,1984,0.0333,0.0153,0.0468
285,2120362170,1984,0.0072,0.0045,0.0063
286,2120359260,1984,0.3402,0.0657,6.0669
287,2120359390,1984,0.0117,0.0072,0.0432
288,2121108850,1984,0.0207,0.0585,0.0297
289,2120364850,1984,0.4806,0.1008,2.4759
290,2120364590,1984,0.009,0.0432,0.036
291,2120049670,1984,0.3402,0.0207,0.0333
292,2120049680,1984,0.0999,0.0036,0.0018
293,2120383290,1984,0,0,0
294,2120383220,1984,0.1197,0.0081,0
295,2120383210,1984,0,0,0
296,2120383340,1984,0,0,0
297,2120380050,1984,0,0,0
298,2120379960,1984,0.0351,0,0.0045
299,2121115400,1984,0.2295,0.0153,0.0216
300,2120377570,1984,0.0018,0,0
301,2120377560,1984,0.2574,0.0162,0.0171
302,2120377150,1984,0.0081,0,0
303,2120377140,1984,0.6498,0.0522,0.1008
304,2121113660,1984,0.0558,0.0036,0.0018
305,2120372500,1984,0.0414,0.0027,0.0018
306,2120372490,1984,0.0495,0.0009,0.0423
307,2121113140,1984,0.2349,0.0306,0.0126
308,2121111920,1984,0.018,0.018,0.0495
309,2120377310,1984,0.1575,0.0072,0.0675
310,2120377420,1984,0.0468,0.2304,1.5903
311,2121111500,1984,0.0036,0.0099,0.0072
312,2120374990,1984,0.0261,0.0045,0.0036
313,2120375000,1984,0,0,0
314,2120373630,1984,0.0018,0,0
315,2120373940,1984,0.0054,0.0027,0
316,2120372710,1984,0.0117,0.0243,0.0684
317,2120372620,1984,0.0063,0.0243,0.0153
318,2121113040,1984,0,0.0018,0
319,2120370430,1984,1.0125,0.5031,7.3836
320,2120370320,1984,0.0018,0.0189,0.0072
321,2121111590,1984,0,0,0
322,2120049690,1984,0,0,0
323,2120049700,1984,0.4536,0.1629,0.1431
324,2120049710,1984,0.1314,0.0378,0.3627
325,2120388760,1984,0.0639,0.0018,0.0018
326,2120388770,1984,0.3771,0.0657,1.8774
327,2120386020,1984,0.0117,0,0
328,2120385930,1984,0.0054,0,0
329,2121116250,1984,0,0,0
330,2121115850,1984,0.0153,0.0081,0.0666
331,2121115510,1984,0.1827,0.0405,1.62
332,2121114820,1984,0.0099,0.0009,0
333,2121114710,1984,0,0,0
334,2121114780,1984,0.1476,0.243,1.7964
335,2120049720,1984,0.0954,0.0126,0.4491
336,2120049730,1984,0.1656,0.0558,0.5931
337,2120049740,1984,0.0072,0,0
338,2120049750,1984,0.126,0.0063,0.0234
339,2120049760,1984,0.1899,0.0612,0.5913
340,2120049770,1984,0.0513,0.0801,1.0809
341,2120049780,1984,0.0405,0.0279,0.1602
342,2120389070,1984,0.0189,0.0099,0.1395
343,2120388910,1984,0,0.0009,0
344,2120387700,1984,0.5868,0.207,2.772
345,2120387530,1984,0.0495,0.0342,0.0684
346,2120049790,1984,0.0018,0.0063,0.2016
347,2120049800,1984,0.0531,0.0189,0.288
348,2120049810,1984,0.1476,0.1359,1.2816
349,2120049820,1984,0.1593,0.0297,0.0081
350,2120049830,1984,0.0126,0.0153,0.0018
351,2120049840,1984,0.0045,0,0
352,2120391880,1984,0,0,0
353,2120392160,1984,0.171,0,0
354,2120049850,1984,0.7542,0.135,2.0772
355,2120049860,1984,0.1935,0.1089,0.5733
356,2120049870,1984,0.0072,0.0009,0.0036
357,2120049880,1984,0.3069,0.0441,0.0279
358,2121116940,1984,0.0891,0.0342,0.4401
359,2120049890,1984,0.1449,0.1881,1.2159
360,2120049900,1984,0.1341,0.0486,0.1485
361,2121116690,1984,0.036,0,0
362,2120049910,1984,0.4392,0.0819,0.1323
363,2120049920,1984,0.054,0.0252,0.2322
364,2121117170,1984,0.2556,0.0126,0.0009
365,2120049930,1984,0.4338,0.0801,0.2286
366,2120049940,1984,0.0333,0.0009,0.0027
367,2120049950,1984,0.0171,0.0018,0.0018
368,2120381730,1984,0,0,0
369,2120381660,1984,0.0036,0.0018,0
370,2120381880,1984,0.0324,0.009,0.0315
371,2120381740,1984,0.0243,0.0045,0.0378
372,2120380040,1984,0.0045,0,0.0828
373,2120379950,1984,0.0018,0,0
374,2121114260,1984,0.0045,0,0.0063
375,2120378560,1984,0,0,0
376,2120378440,1984,0.2484,0.1224,2.3229
377,2120049960,1984,0.0081,0.0027,0.0063
378,2120049970,1984,0.0063,0,0.0009
379,2120383200,1984,0.0054,0,0
380,2120383130,1984,0,0,0
381,2120049980,1984,0.8253,0.4275,0.4923
382,2120049990,1984,0.027,0.0036,0.0018
383,2120384620,1984,0.0522,0.0036,0
384,2120384630,1984,0.1647,0.027,0.8829
385,2121115840,1984,0.0018,0.0054,0.0459
386,2120050000,1984,0.171,0.4608,0.5976
387,2120050010,1984,0.1377,0.1377,0.1557
388,2120050020,1984,0,0,0
389,2120050030,1984,0.1197,0.0216,0.0648
390,2120050040,1984,0.0072,0,0
391,2121113850,1984,0,0,0
392,2121113860,1984,0,0,0
393,2121113910,1984,0,0.0018,0
394,2121113650,1984,0.0387,0.0063,0.0558
395,2121113070,1984,0.0432,0,0.0108
396,2121112050,1984,0.1656,0.0081,0.513
397,2120050050,1984,0.0144,0,0
398,2120050060,1984,0.2016,0.0513,0.0828
399,2120050070,1984,0.0117,0.0117,0.0081
400,2120050080,1984,0.1053,0.0108,0.0288
401,2120050090,1984,0.0297,0.0504,0.0585
402,2120050100,1984,0.0009,0.0009,0.0045
403,2120050110,1984,0.4581,0.0423,1.1691
404,2120050120,1984,0.6057,0.3951,0.5526
405,2120050130,1984,0.0378,0,0
406,2121108320,1984,0.0216,0.0063,0.3024
407,2120360920,1984,0.027,0.0072,0.1107
408,2120361170,1984,0.0054,0.0018,0.0819
409,2120050140,1984,0.1206,0,0.0081
410,2120050150,1984,0.0324,0.0243,0.6246
411,2120050160,1984,0.0648,0.0504,0.081
412,2120050170,1984,0.027,0.0063,0.0666
413,2120357840,1984,0.0108,0,0
414,2120357740,1984,0.0126,0,0.0279
415,2120050180,1984,0.1935,0.3969,0.8136
416,2120050190,1984,0.5229,0.396,7.9038
417,2120050200,1984,0.18,0.0153,0.0081
418,2120050210,1984,0.18,0.0612,1.6902
419,2120050220,1984,0.1035,0.0495,0.0396
420,2120050230,1984,0.1107,0.0045,0.3726
421,2120050240,1984,0.3456,0.3321,0.3087
422,2120050250,1984,0.594,0.7128,4.374
423,2120050260,1984,0.1953,0.0171,0.6903
424,2120050270,1984,0.801,0.2844,6.0552
425,2120050280,1984,1.098,0.3465,1.4454
426,2120050290,1984,0.2412,0.126,2.0835
427,2121103110,1984,0.0558,0.0162,0.5688
428,2121103820,1984,0.1224,0.0423,0.7389
429,2121104160,1984,0.0657,0.0009,0.441
430,2120050300,1984,0.2097,0.1026,0.0279
431,2120050310,1984,0.1125,0.0612,0.0882
432,2120050320,1984,0.0171,0.0063,0.1431
433,2120344910,1984,0.0828,0.0117,0.0009
434,2120345030,1984,0.0198,0,0.0135
435,2121102850,1984,0,0,0
436,2121103080,1984,0.0018,0.0009,0.0126
437,2121102330,1984,0.2313,0.0378,0.5643
438,2120050330,1984,0.9747,0.0495,0.4131
439,2120050340,1984,0.4239,0.1521,0.2745
440,2121102770,1984,0.0774,0.1062,0.0585
441,2120349330,1984,0.2619,0.0297,0.081
442,2120349470,1984,0.0162,0,0
443,2120350840,1984,0.0306,0.0441,0.1422
444,2120350850,1984,0.0603,0.0639,0.144
445,2121103160,1984,0.0189,0.0405,0.1359
446,2120352710,1984,0.0171,0.0288,0.0144
447,2120352820,1984,0,0,0.0009
448,2120352120,1984,0.4743,0.1251,6.9723
449,2120352260,1984,0.0054,0.0126,0.0054
450,2120353900,1984,0.4815,0.0099,3.6567
451,2120354020,1984,0.0918,0.1962,6.201
452,2120050350,1984,0.342,0.0702,0.2394
453,2120050360,1984,0.5094,0.306,2.4462
454,2120050370,1984,0.0846,0.0576,0.1386
455,2120050380,1984,1.377,0.1476,1.0719
456,2120050390,1984,1.0629,0.1935,1.1574
457,2120345100,1984,1.0242,0.1008,0.8577
458,2120345150,1984,0.0018,0,0
459,2120345260,1984,0.0117,0.0063,0.0153
460,2120345330,1984,0.1692,0.063,0.4194
461,2120346740,1984,0.3483,0.0315,0.2052
462,2120346830,1984,0.3006,0.0657,0.1539
463,2121103020,1984,0.2052,0.054,0.1053
464,2121103780,1984,0.054,0.0324,0.0666
465,2121102970,1984,0.0405,0.0423,0.1008
466,2121104360,1984,0.1116,0.054,0.2754
467,2121104840,1984,0.4176,0.2232,0.5661
468,2120050400,1984,0.0036,0.0072,0.2412
469,2120050410,1984,1.2114,0.4059,1.4517
470,2120342440,1984,0.2367,0.3024,0.3924
471,2120342280,1984,0.2988,0.189,0.8046
472,2120342150,1984,0.18,0.0909,1.0287
473,2120342060,1984,0.0738,0.0225,0.0648
474,2120341670,1984,0.6408,0.0945,1.0881
475,2120341680,1984,0.0855,0.0459,0.2034
476,2120341130,1984,0.0657,0.0999,0.6057
477,2120341040,1984,0.1179,0.1395,0.6948
478,2121101240,1984,0.0342,0.0234,0.2358
479,2121100050,1984,0.2403,0.0693,0.1809
480,2120341780,1984,0.0018,0.0009,0.0018
481,2120341690,1984,0.1665,0.1341,2.6496
482,2120338820,1984,0.3681,0.0648,1.9521
483,2120338690,1984,0.0135,0.0108,0.0648
484,2120341790,1984,0.1719,0.2196,2.2914
485,2120341990,1984,0.171,0.0756,1.08
486,2120338350,1984,0.2871,0.099,2.853
487,2120338280,1984,0.1404,0.0369,1.1997
488,2120050420,1984,0.1386,0.0585,1.7226
489,2120050430,1984,0.2421,0.0252,1.4886
490,2120050440,1984,0.0432,0,0.0027
491,2121099750,1984,0.054,0.0261,0.2547
492,2120050450,1984,1.971,0.2808,0.7173
493,2120050460,1984,0.1593,0.0018,0.0009
494,2120334950,1984,0.0297,0.0045,0.0063
495,2120334850,1984,0.0639,0.0162,0.1962
496,2120336640,1984,0.4563,0.3591,2.4651
497,2120336650,1984,0.0639,0.1431,0.972
498,2120334490,1984,0.0765,0.0099,0.5706
499,2120334410,1984,0.6714,0.0765,0.3123
500,2120332890,1984,0.0585,0.0342,0.2916
501,2120332760,1984,0.0018,0,0
502,2120332610,1984,0.0567,0.0063,0.0198
503,2120332600,1984,0,0,0
504,2121095970,1984,0.0081,0,0.0018
505,2121096990,1984,0.099,0.1503,1.0494
506,2121095850,1984,0.4716,0.0243,1.1151
507,2121095130,1984,0.0126,0.0081,0.0171
508,2120050470,1984,0.2493,0.1413,0.2277
509,2120050480,1984,0.0189,0.0027,0.0027
510,2120332110,1984,0.063,0.0027,0.0036
511,2120332020,1984,0.1575,0.1323,0.5868
512,2120050490,1984,2.7936,0.1926,0.0369
513,2120050500,1984,0.0711,0.0072,0.0522
514,2120050510,1984,0.2439,0.0819,0.1593
515,2120326980,1984,0.0054,0,0
516,2120327140,1984,0,0,0.0009
517,2120326330,1984,0.0018,0,0
518,2120326240,1984,0.0432,0,0
519,2120323760,1984,0,0,0.0018
520,2120323750,1984,0.0117,0.0099,0.0351
521,2120050520,1984,0.7956,0.0027,0.0126
522,2120050530,1984,3.3399,0.2835,0.9306
523,2120050540,1984,0.0648,0.162,0.5526
524,2120050550,1984,0,0,0
525,2120050560,1984,0.0009,0,0
526,2121092680,1984,0.018,0.0072,0.0315
527,2120050570,1984,0.8433,0.0387,0.1782
528,2120050580,1984,0.0558,0.1368,1.4733
529,2121092410,1984,0.0828,0.072,1.1349
530,2120050590,1984,0.2817,0.171,4.2021
531,2120050600,1984,0.0216,0.0018,0.243
532,2120050610,1984,0.126,0.0423,1.1664
533,2120050620,1984,0.0207,0.0324,0.7515
534,2120050630,1984,0.0072,0.0099,0.045
535,2120050640,1984,0.045,0.2376,4.5243
536,2120050650,1984,0.1188,0.0234,0.0567
537,2120050660,1984,0.2025,0.0396,1.8189
538,2120050670,1984,0.1827,0.1359,0.0963
539,2120050680,1984,0.0675,0.0477,0.1305
540,2120317680,1984,0.1701,0.0477,6.3963
541,2120317820,1984,0.1062,0.0171,3.3543
542,2121090620,1984,0.1782,0.1017,7.713
543,2121090630,1984,0.4545,0.0648,3.1005
544,2120050690,1984,0.0351,0.1143,0.0954
545,2120050700,1984,0.0387,0.0081,0.018
546,2120050710,1984,0.1467,0.0216,0.0621
547,2120050720,1984,0.0225,0.0018,0
548,2120050730,1984,0.072,0.0063,0
549,2120050740,1984,0.3159,0.0018,0.0171
550,2120050750,1984,0.0027,0.0135,0.0036
551,2120050760,1984,0.2196,0.2331,0.0639
552,2120050770,1984,0.2025,0.0009,0.0045
553,2120313480,1984,0.0099,0,0
554,2120313640,1984,0.0162,0,0
555,2120313730,1984,0.0333,0,0
556,2120313570,1984,0.1323,0.0036,0.0009
557,2120313300,1984,0.0612,0.0153,0.0729
558,2120313420,1984,0.0252,0.0045,0
559,2121089540,1984,0,0,0.0063
560,2121088020,1984,0.0054,0.0045,0
561,2121089680,1984,0.0216,0.0063,0.0432
562,2120317590,1984,0.0063,0,0
563,2120317600,1984,0.0036,0.0009,0
564,2120318400,1984,0,0.0117,0.0018
565,2120318500,1984,0.4455,0,0
566,2120317940,1984,0.1224,0.0126,3.1383
567,2120317980,1984,0.5193,0.0036,0.4995
568,2121091090,1984,0.0369,0.0243,0.0297
569,2121091370,1984,0,0,0
570,2120050780,1984,0,0.0108,0
571,2120050790,1984,0.2646,0.1638,0.1332
572,2120050800,1984,0.2367,0.0018,0.0036
573,2120312160,1984,0.0153,0,0
574,2120312090,1984,0.1899,0.0018,0.0414
575,2120310970,1984,0,0,0
576,2120310860,1984,0,0,0
577,2121086670,1984,0,0.0018,0.0018
578,2121086410,1984,0,0,0
579,2121086330,1984,0.0027,0.0045,0.0513
580,2120050810,1984,0.0135,0.0036,0.0081
581,2120050820,1984,0,0,0
582,2120050830,1984,0.0036,0,0.0018
583,2120311290,1984,0.1071,0.0405,0.1026
584,2120311200,1984,0,0,0
585,2120309840,1984,0.0009,0.0045,0
586,2120309760,1984,0.0216,0,0
587,2121085740,1984,0.0189,0.0225,0.3465
588,2120050840,1984,0.153,0.0018,0.0009
589,2120050850,1984,0,0,0
590,2120050860,1984,0.1647,0.009,0.0531
591,2120050870,1984,0.2214,0.0162,0.0378
592,2120050880,1984,0.1323,0.0072,0.6624
593,2120310690,1984,0.1359,0.009,0.4464
594,2120310700,1984,0.054,0.0414,0.1539
595,2120308250,1984,0.0027,0.0018,0.0063
596,2120308380,1984,0,0.0027,0
597,2121085510,1984,0.0018,0,0
598,2121085390,1984,0.1449,0.018,0
599,2121085190,1984,0.3672,0.2547,0.4833
600,2120050890,1984,0.0846,0.0135,0.4824
601,2120050900,1984,0.0864,0.0342,0.117
602,2120050910,1984,0.1206,0.0981,0.6561
603,2121087950,1984,0.1017,0.135,1.638
604,2120050920,1984,0.0531,0.036,0.036
605,2120050930,1984,1.4508,0.3978,3.7386
606,2120311730,1984,1.2735,0.4149,9.7137
607,2120311650,1984,0.3717,0.1386,3.6972
608,2121086990,1984,0.3924,0.1296,1.7388
609,2121086600,1984,0.1476,0.0693,0.459
610,2121086360,1984,0.0324,0.0054,0.0297
611,2120050940,1984,0.0234,0.0081,0.0018
612,2120050950,1984,0.0369,0.0864,0.2466
613,2120050960,1984,0,0,0
614,2120050970,1984,0.0288,0.0792,0.009
615,2120050980,1984,0.0468,0.0837,0.1269
616,2120311420,1984,0.2736,0.3627,3.1959
617,2120311430,1984,0.1665,0.1935,1.8144
618,2120050990,1984,0.0126,0,0
619,2120051000,1984,0.0891,0.4473,2.7531
620,2121088360,1984,0.1593,0.234,1.1889
621,2120051010,1984,0.0909,0.2547,0.6597
622,2120051020,1984,0.1305,0.1521,0.6453
623,2120051030,1984,0.6291,1.0764,3.0762
624,2120051040,1984,0.0405,0.0063,0.0441
625,2120309750,1984,0.0297,0.099,0.1683
626,2120309730,1984,0.0351,0.0306,0.2097
627,2120051050,1984,0.054,0.0999,0.0603
628,2120051060,1984,0.0729,0.0306,0.6264
629,2121085600,1984,0.4464,0.3591,3.0951
630,2120051070,1984,0.0972,0.0468,0.0945
631,2120051080,1984,0.0711,0.1917,0.4833
632,2121085650,1984,2.0088,1.1691,12.411
633,2120051090,1984,0.0072,0.0027,0.0135
634,2120051100,1984,0.6192,0.0234,0.018
635,2120303820,1984,0.8091,0,0.0045
636,2120303870,1984,1.3311,0.0027,0
637,2120051110,1984,0.1044,0.0603,0.0927
638,2120051120,1984,0,0,0
639,2120301760,1984,0.2997,0.0351,0.8082
640,2120301660,1984,0.2286,0.5229,1.5003
641,2121084070,1984,0.2034,0.0945,0.9936
642,2121084040,1984,0.0657,0,0
643,2120051130,1984,0.8316,0.8649,3.6279
644,2120051140,1984,0.2952,0.1503,0.5976
645,2120051150,1984,0.0774,0.0657,0.6615
646,2120296740,1984,0.4311,0.0999,0.09
647,2120296820,1984,0.0009,0.0009,0
648,2120296940,1984,0.0027,0,0
649,2120297050,1984,0.4959,0.0396,1.3338
650,2120297130,1984,0.0774,0.0864,0.8145
651,2120297230,1984,0.2817,1.1295,5.5854
652,2120297400,1984,0.3591,0.3069,0.9342
653,2120297240,1984,0.1809,0.1017,1.0539
654,2121082840,1984,0.2736,0.0747,1.611
655,2120297900,1984,0.4878,0.6057,2.9412
656,2120298090,1984,0.1863,0.171,0.3096
657,2121082040,1984,0.5355,0.234,0.9315
658,2120298700,1984,0.0666,0.0279,0.2259
659,2120298820,1984,0.0819,0.0378,0.792
660,2120299050,1984,0.3051,0.0738,0.1899
661,2120299110,1984,0.0675,0.0099,0.1143
662,2121083700,1984,0.1737,0.0018,0.1233
663,2120300870,1984,0.0171,0.0252,0.0441
664,2120300680,1984,0.063,0.0306,0.1017
665,2120301290,1984,0.0918,0.0243,0.018
666,2120301350,1984,0.6849,0.0972,0.3969
667,2120300790,1984,0.0072,0,0
668,2120300880,1984,0.1206,0.036,0.1971
669,2120303420,1984,0.0054,0,0
670,2120303540,1984,0.0567,0.0891,0.9477
671,2121084930,1984,0.3555,0.0306,2.5452
672,2120051160,1984,0.0603,0.0135,0.4545
673,2120051170,1984,0.0045,0.0054,0.0252
674,2120051180,1984,0.4203,0.6714,32.9418
675,2120293800,1984,0.3888,0.1098,15.9345
676,2120293680,1984,0.7299,0.8136,63.2196
677,2121081580,1984,0.441,0.9441,6.5646
678,2121080410,1984,0.7092,0.6237,15.6339
679,2120051190,1984,0.0396,0.0243,0.126
680,2120051200,1984,0.1242,0.054,0.3429
681,2120051210,1984,0.3699,0.1737,6.8733
682,2120051220,1984,0.2628,0.3006,1.827
683,2120051230,1984,0.2646,0.1935,2.1987
684,2120051240,1984,1.0467,0.1152,3.6504
685,2120051250,1984,0.0045,0.0333,0.0171
686,2120051260,1984,0.3717,0.1332,0.6795
687,2120051270,1984,0.1962,0.1782,0.5562
688,2120051280,1984,0.9954,0.5661,2.1105
689,2120051290,1984,1.1331,0.5481,5.0535
690,2120051300,1984,0.1746,0.0693,0.4293
691,2120051310,1984,0.018,0.0099,0.0747
692,2120051320,1984,0.9855,0.4095,4.6044
693,2120051330,1984,0.8496,0.7191,5.1462
694,2120051340,1984,0.7209,0.5202,6.0174
695,2120051350,1984,0.4419,0.6732,4.212
696,2120051360,1984,0.1746,0.1152,0.4725
697,2120051370,1984,0.9945,0.1179,0.5481
698,2120287180,1984,0.3303,0.0702,2.7333
699,2120286960,1984,0.1656,0.0549,0.0531
700,2120288100,1984,0.5607,0.1683,8.8389
701,2120288150,1984,1.1376,0.2187,19.584
702,2121078440,1984,0.1611,0.0711,0.1881
703,2121079130,1984,0.0801,0.0414,0.0387
704,2121080170,1984,0.7857,0.7821,29.9313
705,2121078600,1984,0.1179,0.3951,4.4676
706,2120051380,1984,0.3636,0.3024,0.9972
707,2120051390,1984,0.0297,0.0441,0.0072
708,2120051400,1984,0.0963,0.0459,0.1584
709,2121077370,1984,0.8667,1.3338,16.8597
710,2120051410,1984,0.1422,0.0585,0.2637
711,2120051420,1984,0.4446,0.2664,0.2934
712,2120279230,1984,0.0315,0.0171,0
713,2120279100,1984,0.0351,0.0468,1.4535
714,2120279020,1984,0.3366,0.5229,25.3827
715,2120278960,1984,0.2511,0.4176,16.7526
716,2120279580,1984,0.0054,0.0027,0.0009
717,2120279520,1984,0.0243,0.0036,0.0405
718,2121075690,1984,0.5643,0.3051,13.5666
719,2120279590,1984,2.0115,0.6831,0.4401
720,2120279720,1984,0.5184,0.2907,11.0997
721,2120279180,1984,0.5904,0.63,14.9499
722,2120279290,1984,0.1341,0.09,4.4811
723,2120051430,1984,0.0018,0.0018,0
724,2120051440,1984,0.0387,0.1098,0.0657
725,2120051450,1984,0.3204,0.3267,1.1034
726,2120051460,1984,0.3204,0.2007,3.4812
727,2120051470,1984,0.6048,0.5337,4.7304
728,2120051480,1984,0.5724,0.1647,2.1069
729,2120051490,1984,0.4338,0.4086,5.3064
730,2120051500,1984,0.4806,0.3924,3.5613
731,2120051510,1984,0.1242,0.0702,0.1944
732,2120051520,1984,0.4581,0.3492,1.9134
733,2120051530,1984,0.0576,0.1413,0.1881
734,2120051540,1984,0.3087,0.4032,0.873
735,2120051550,1984,0.8388,0.3105,13.5198
736,2121076810,1984,0.8226,0.1683,16.7112
737,2120051560,1984,0.8181,0.2844,3.3255
738,2120051570,1984,1.287,1.1322,47.0061
739,2120051580,1984,0.0036,0.0009,0
740,2120051590,1984,0.2709,0.2133,0.9612
741,2120051600,1984,0.1746,0.1638,0.1278
742,2120051610,1984,0.1827,0.2187,1.2294
743,2121073390,1984,0.0837,0.1242,1.8216
744,2120051620,1984,0.1764,0.4905,1.6614
745,2120051630,1984,0.4653,0.8631,3.366
746,2120051640,1984,0.3591,0.3969,2.7747
747,2120051650,1984,0.3807,0.3582,1.3644
748,2120051660,1984,0.5184,0.4005,3.7179
749,2120051670,1984,0.1548,0.1413,0.3879
750,2120051680,1984,0.3762,0.1107,3.069
751,2120051690,1984,1.2033,1.206,10.2276
752,2120051700,1984,0.8838,0.477,7.1226
753,2120051710,1984,0.8343,0.7749,9.549
754,2120051720,1984,1.4211,0.8415,42.3045
755,2121071210,1984,0.3123,0.117,9.4122
756,2121071470,1984,0.4644,0.2844,8.4177
757,2120051730,1984,2.5848,1.287,28.2726
758,2120051740,1984,0.3402,0.5301,9.3915
759,2120051750,1984,0.6066,0.2727,2.0385
760,2120051760,1984,0.3069,0.4347,4.2552
761,2120051770,1984,0.2943,0.153,2.9349
762,2120051780,1984,1.602,1.9152,32.0598
763,2120051790,1984,0.927,0.7677,14.6574
764,2120051800,1984,0.2169,0.1188,1.9701
765,2120051810,1984,0.63,0.9756,17.6769
766,2120051820,1984,1.0278,1.7172,7.9551
767,2120051830,1984,0.3744,0.1476,3.9681
768,2120051840,1984,1.4949,0.6975,5.1948
769,2120051850,1984,0.8541,0.2007,10.5876
770,2120051860,1984,1.2834,1.3266,11.3265
771,2120051870,1984,0.6219,0.8118,4.4262
772,2120051880,1984,0.0315,0.0144,0.144
773,2120051890,1984,0.7425,0.3636,14.0508
774,2120051900,1984,0.936,0.7218,6.5736
775,2120051910,1984,0.9657,0.8334,16.128
776,2120051920,1984,0.009,0,0
777,2120051930,1984,0.5112,0.6246,2.4489
778,2120259010,1984,1.0053,0.2079,13.8384
779,2120259030,1984,0.2592,0.3204,6.3081
780,2120051940,1984,0.513,0.6804,2.4147
781,2120051950,1984,0.2079,0.1791,2.5785
782,2120051960,1984,0.0486,0.0783,0.1512
783,2120051970,1984,0.4014,0.3987,3.456
784,2121066580,1984,0.2088,0.1206,1.2177
785,2120051980,1984,0.1062,0.0612,0.1638
786,2120051990,1984,0.4887,0.2979,10.9728
787,2120052000,1984,0.0531,0.0315,0.0522
788,2120052010,1984,0.0558,0.0216,0.4941
789,2121066610,1984,0.0126,0.2376,2.8566
790,2121066840,1984,0.2313,0.8604,8.1387
791,2120052020,1984,0.1503,0.144,1.4328
792,2120052030,1984,0.0054,0.0567,0.7182
793,2121066340,1984,0.126,0.1287,8.0676
794,2120052040,1984,0.0054,0.0477,0.0405
795,2120052050,1984,0.0198,0.0198,0.4671
796,2120052060,1984,0.0036,0.0126,0.0468
797,2120052070,1984,0,0.0018,0.0126
798,2121068200,1984,0.0594,0.0513,0.3672
799,2120259850,1984,0.1989,0.3861,8.7588
800,2120259840,1984,0.6075,0.6723,20.0052
801,2120052080,1984,0.0036,0.0081,0.0432
802,2120052090,1984,0.261,0.2169,2.2671
803,2120262100,1984,0.0513,0.0594,1.2618
804,2120262040,1984,0.099,0.189,2.5074
805,2120052100,1984,0.0036,0.0162,0.6093
806,2120052110,1984,0.1593,0.4059,2.7585
807,2120052120,1984,0.0027,0,0
808,2120052130,1984,0.2619,0.3168,3.1536
809,2120052140,1984,0.0099,0.0297,0.1026
810,2120263940,1984,0.243,0.3654,6.138
811,2120263930,1984,0.0171,0.0072,0.0126
812,2120263490,1984,0.0639,0.0603,0.5949
813,2120263440,1984,0.6354,0.0459,2.5335
814,2120262450,1984,0.3429,0.2916,2.6271
815,2120262440,1984,0.7155,0.8667,30.1878
816,2120263600,1984,0.171,0.0504,2.2221
817,2120263730,1984,0.2781,0.1656,1.8009
818,2121068470,1984,1.3446,0.9576,22.608
819,2120052150,1984,0,0,0
820,2120052160,1984,0.0063,0.027,0.1323
821,2121069920,1984,0.0531,0.0234,0.5949
822,2120052170,1984,0.0333,0.0171,0.1161
823,2120052180,1984,0.2088,0.4293,2.9439
824,2120052190,1984,0.1971,0.3276,5.9931
825,2120052200,1984,0.0108,0.0117,0.0036
826,2120052210,1984,0.1701,0.3717,9.4221
827,2120052220,1984,0.0009,0.0135,0.0009
828,2120052230,1984,0.2313,0.1863,1.6191
829,2120269480,1984,1.008,0.603,4.824
830,2120269310,1984,0.0315,0.0882,0.0081
831,2120269300,1984,0.1485,0.135,0.7983
832,2120269230,1984,0.1008,0.3609,3.3642
833,2120269010,1984,0.3213,0.2592,2.0178
834,2120268960,1984,0.513,0.5022,11.1483
835,2120268510,1984,0.6426,0.3654,6.354
836,2120268380,1984,1.7397,0.3852,14.8563
837,2121071080,1984,2.0178,1.4958,8.6742
838,2120052240,1984,0.018,0.0423,0.0207
839,2120052250,1984,0.0198,0.027,0.0558
840,2120052260,1984,0.5157,0.576,2.1123
841,2120271490,1984,0.1413,0.1161,0.0828
842,2120271350,1984,0.1701,0.1998,1.8594
843,2120272510,1984,0.648,0.2052,5.6871
844,2120272470,1984,1.8621,0.8487,13.1661
845,2121072810,1984,2.1177,1.314,13.5558
846,2121073790,1984,0.3501,0.108,3.9897
847,2120052270,1984,0.0171,0.0018,0
848,2120052280,1984,0.0171,0.0594,0.1125
849,2120052290,1984,0.4914,0.3915,28.9692
850,2120272640,1984,0.4491,0.1926,25.6851
851,2120272570,1984,0.5985,0.4347,5.7906
852,2120273760,1984,0.3375,0.3051,15.0579
853,2120273770,1984,0.9513,0.1449,2.7747
854,2121074220,1984,0.117,0.0279,0.6993
855,2120274500,1984,0.3735,0.4167,3.6747
856,2120274540,1984,0.7524,0.2079,14.832
857,2121074580,1984,2.8638,0.2079,2.8737
858,2121074380,1984,0.018,0.0162,0.0027
859,2121075200,1984,0.7002,0.306,10.3212
860,2121074570,1984,3.5838,1.206,20.9862
861,2121075270,1984,0.3825,0.1764,0.7533
862,2121075210,1984,3.9501,0.2592,19.7766
863,2120052300,1984,0.2232,0.3951,0.3627
864,2120052310,1984,0.0126,0.0162,0.1611
865,2121072660,1984,0.2943,0.1071,9.1422
866,2120052320,1984,0.189,0.2232,0.2871
867,2120052330,1984,0.0018,0,0
868,2120268330,1984,0.0162,0.2097,0.0369
869,2120268320,1984,0.0234,0.0054,0.0477
870,2120269920,1984,0.0297,0.0369,0.0396
871,2120269930,1984,0.099,0.0297,3.0915
872,2121072630,1984,0.1575,0.0117,0.7461
873,2121073330,1984,0.0072,0.0018,0.0018
874,2121074010,1984,0.0072,0,0
875,2120052340,1984,0.0972,0.0459,0.0477
876,2120052350,1984,0.09,0.2556,0.2916
877,2120052360,1984,0.0117,0.108,0.2142
878,2121071280,1984,0.1089,0.0504,0.3888
879,2120052370,1984,0.0846,0.0945,0.2817
880,2120052380,1984,0.8991,0.5715,0.1782
881,2120270280,1984,0.0189,0.0072,0.0018
882,2120270370,1984,0.1341,0.216,0.072
883,2120271580,1984,0.3303,0.0936,0.054
884,2120271590,1984,0,0,0
885,2120272180,1984,0,0,0
886,2120272170,1984,0.0144,0,0
887,2121073970,1984,0.0594,0.0225,0.1827
888,2120273340,1984,0.0108,0.0171,0.0045
889,2120273150,1984,0.009,0.0054,0.0549
890,2120273450,1984,0.3177,0.1764,1.4184
891,2120273460,1984,0.0054,0,0.0054
892,2120274910,1984,0.1296,0.0045,2.2419
893,2120274960,1984,0.1242,0.18,1.1691
894,2121073810,1984,0,0,0
895,2120275460,1984,0.0333,0.0954,0.459
896,2120275520,1984,0.0036,0.0216,0.0036
897,2120276060,1984,0.0612,0.0126,0.1089
898,2120276130,1984,0.1296,0.1233,1.6308
899,2120276980,1984,0.0522,0.0333,0.4158
900,2120276990,1984,0,0.036,0.5877
901,2121075420,1984,0.4752,0.0171,0.2304
902,2120052390,1984,0.1062,0.0576,0.1665
903,2120052400,1984,0.1854,0.2358,0.1782
904,2120052410,1984,0.0189,0.0018,0
905,2121071780,1984,0.0216,0.0063,0.0279
906,2121072070,1984,0.0072,0,0
907,2120270120,1984,0.0063,0.0144,0.0081
908,2120270160,1984,0,0,0
909,2120270910,1984,0.0081,0.0063,0.0027
910,2120271060,1984,0.0081,0,0
911,2121071740,1984,0.1143,0,0
912,2120052420,1984,0.828,1.3194,4.1526
913,2120052430,1984,0.0306,0.0045,0.0207
914,2120269940,1984,0.0288,0.0018,0.0549
915,2120269870,1984,0.081,0.0135,0
916,2120052440,1984,0.1809,0.3258,0.3879
917,2120052450,1984,0.0594,0.0207,0.0918
918,2121073130,1984,0,0,0
919,2121073070,1984,0,0.0153,0.0135
920,2121072540,1984,0,0,0
921,2121072670,1984,0.0207,0.0009,0
922,2120052460,1984,0.0234,0.0036,0.0063
923,2120052470,1984,0.0333,0.0153,0.0162
924,2120273620,1984,0.0225,0,0
925,2120273610,1984,0.0504,0,0.0108
926,2121073490,1984,0.0054,0.0072,0
927,2121074060,1984,0.0054,0.0009,0.0009
928,2121073920,1984,0,0,0
929,2121073850,1984,0,0.009,0.0036
930,2121074120,1984,0.0036,0.0036,0.0468
931,2121074340,1984,0.0036,0.0036,0.0009
932,2120052480,1984,0,0,0.0072
933,2120052490,1984,0.0018,0,0
934,2120052500,1984,0.1431,0.0351,0.0684
935,2120275960,1984,0.0315,0.0342,1.4085
936,2120276010,1984,0.0918,0.2133,0.18
937,2120276730,1984,0.099,0.1008,0.0792
938,2120276770,1984,0.0477,0,0
939,2121075130,1984,0.1107,0.2547,0.1053
940,2121075120,1984,0.054,0.189,0.306
941,2121075110,1984,0.3069,0.4752,1.4211
942,2120276880,1984,0.1323,0.3465,2.9412
943,2120276720,1984,0.0216,0.0036,0.0018
944,2120276550,1984,0.1305,0.2637,0.1287
945,2120276380,1984,0.0189,0.0009,0.1233
946,2120277420,1984,0.0306,0.0567,0.0108
947,2120277500,1984,0.0729,0.0054,0.1413
948,2121075500,1984,0.0216,0.0027,0
949,2121075700,1984,0.0036,0,0.0423
950,2120052510,1984,0.0054,0.0045,0.0153
951,2120052520,1984,0.0423,0.0342,0.0774
952,2120052530,1984,0.0045,0,0.0009
953,2120052540,1984,0.0189,0.0225,0.0945
954,2120052550,1984,0.0162,0,0
955,2120052560,1984,0.0153,0.0072,0.0126
956,2120052570,1984,0.0558,0.0018,0.0018
957,2120281430,1984,0.0153,0.0144,0.0288
958,2120281330,1984,0,0.0027,0.0306
959,2120281420,1984,0.0054,0.0072,0.0018
960,2120281320,1984,0.0252,0.0009,0.0072
961,2121076120,1984,0.0342,0.1521,1.449
962,2120052580,1984,0.0396,0,0
963,2120052590,1984,0.0729,0.0243,0.1422
964,2121077320,1984,0.0198,0.0279,0.1107
965,2120282510,1984,0.0036,0,0
966,2120282450,1984,0.0072,0.0189,0.5886
967,2120052600,1984,0.0279,0.0054,0.0333
968,2120052610,1984,0.1593,0.2457,0.9792
969,2120052620,1984,0.2547,0.1035,0.4851
970,2120052630,1984,0.0342,0.0567,0.4707
971,2120052640,1984,0.0315,0.0279,0.2907
972,2120052650,1984,0.126,0.0036,0.0081
973,2120052660,1984,0.1152,0.0288,0.0072
974,2120287320,1984,1.1412,0.2664,0.4545
975,2120287510,1984,0.054,0.0153,0.0279
976,2120285570,1984,0.0225,0.0162,0
977,2120285470,1984,0.6516,0.8154,0.5103
978,2120285170,1984,0.2583,0.6219,4.3704
979,2120285180,1984,0.0333,0.0144,0.0378
980,2120284660,1984,0.0432,0.0126,0.0981
981,2120284670,1984,0,0,0
982,2120284440,1984,0.0018,0.0117,0.0018
983,2120284410,1984,0.2565,0.2772,5.0985
984,2120284860,1984,0.495,0.2313,1.2492
985,2120284930,1984,0.3987,0.2034,1.2744
986,2120283720,1984,0.0666,0.0135,0.1323
987,2120283620,1984,0.0675,0.0216,0.2934
988,2120283710,1984,0.3897,0.3429,0.8685
989,2121077920,1984,0.0495,0.198,0.5679
990,2120283610,1984,0.4914,0.1566,0.7965
991,2121077530,1984,0.0306,0.0144,0.2178
992,2120282440,1984,0.6498,0.2934,6.3342
993,2120282390,1984,0.0549,0.0018,0.0792
994,2120281870,1984,0.0117,0.036,0.117
995,2120281840,1984,0.1611,0.0054,0.1206
996,2120284400,1984,0.6012,0.8469,43.5645
997,2120284340,1984,0.0189,0.0522,0.009
998,2121076940,1984,0.1314,0.3231,3.4992
999,2121077440,1984,0.4473,0.1746,27.9216
1000,2121076710,1984,0.2223,0.0333,1.9638
1001,2121078060,1984,0.0018,0.0261,0
1002,2120286560,1984,0.1197,0.3222,1.0962
1003,2120286430,1984,0,0.027,0.009
1004,2121078250,1984,1.2447,0.1494,7.1334
1005,2120282880,1984,0.1701,0.1926,3.6585
1006,2120282790,1984,0.8064,0.3186,30.6477
1007,2121077640,1984,0.2295,0.7776,9.0144
1008,2120052670,1984,0,0,0
1009,2120052680,1984,0.0045,0.0045,0.0036
1010,2120052690,1984,0.0261,0.0306,0.2682
1011,2121079670,1984,0.0567,0.0432,0.2178
1012,2121079800,1984,0.0198,0.0207,0.0207
1013,2121079660,1984,0.0567,0.1845,0.4887
1014,2121079530,1984,0.4302,0.2313,0.7497
1015,2121079490,1984,0.5067,0.2241,1.6875
1016,2121079380,1984,0.1278,0.3807,16.0731
1017,2120052700,1984,0.1044,0.0747,0.2592
1018,2120052710,1984,0.3753,0.0792,0.1998
1019,2120052720,1984,0.1899,0.0171,0.0036
1020,2121079810,1984,0.4374,0.1242,1.0269
1021,2121080200,1984,0.2898,0.0126,0
1022,2120052730,1984,0.0405,0.0729,0.5724
1023,2120052740,1984,0.0117,0.0279,0.1539
1024,2120291300,1984,1.0107,0.3267,3.6918
1025,2120291220,1984,0.2682,0.4995,25.4367
1026,2120052750,1984,0.1035,0.0567,0.4248
1027,2120052760,1984,1.8693,1.1817,2.6469
1028,2120052770,1984,0.0063,0,0
1029,2120292750,1984,0.1593,0.189,0.2709
1030,2120292640,1984,0.4113,0.1269,0.8244
1031,2120292070,1984,0.4725,0.0405,0.0063
1032,2120292060,1984,0.0099,0.0702,0.0549
1033,2120292230,1984,0.1188,0.2808,0.7227
1034,2120292050,1984,0.6264,0.1467,0.1764
1035,2121080960,1984,0.0072,0.0342,0.126
1036,2120290580,1984,0.9414,1.5822,30.4524
1037,2120290470,1984,0.2988,0.6156,5.8077
1038,2121080840,1984,0.2754,0.5022,9.2133
1039,2120052780,1984,0.0477,0.0081,0.0153
1040,2120052790,1984,0,0,0
1041,2120052800,1984,0.3771,0.2988,1.809
1042,2120052810,1984,0.0549,0.0369,0.7281
1043,2120052820,1984,0.4374,0.3069,2.0124
1044,2120052830,1984,0.0432,0.0477,0.1125
1045,2120052840,1984,0.3222,0.018,0.0666
1046,2121082450,1984,0.1764,0.0414,1.1358
1047,2120052850,1984,0.0396,0.0594,0.6066
1048,2120052860,1984,0.1269,0.1944,1.5714
1049,2120052870,1984,0.1872,0.0882,0.7461
1050,2120052880,1984,0.0018,0.0072,0
1051,2120296320,1984,0.0621,0.1692,0.351
1052,2120296400,1984,0.1107,0.1827,2.394
1053,2120052890,1984,0.4275,0.1746,0.081
1054,2120052900,1984,0.0792,0.0513,0.1476
1055,2121082210,1984,0.0018,0.0054,0.018
1056,2120052910,1984,0.7479,0.2052,0.2331
1057,2120052920,1984,0.009,0,0.0009
1058,2120052930,1984,0.081,0.0216,0.0396
1059,2120052940,1984,0.0126,0.0243,0.0081
1060,2120299260,1984,0,0,0
1061,2120299390,1984,0.1341,0.1854,0.1764
1062,2120298960,1984,0.0837,0.0288,0.0207
1063,2120298830,1984,0,0.0045,0
1064,2120300690,1984,0.2619,0.1341,0.4302
1065,2120300700,1984,0.0108,0.0045,0
1066,2120301430,1984,0.0027,0.0162,0.009
1067,2120301550,1984,0.1611,0.0639,0.2286
1068,2120302330,1984,0.0189,0.0036,0
1069,2120302360,1984,0.0162,0.0864,0.234
1070,2121082790,1984,0.0702,0.0612,1.287
1071,2120302070,1984,0.3141,0.1494,0.0747
1072,2120302170,1984,0.0108,0.0135,0
1073,2120302830,1984,0.0018,0.0063,0.0432
1074,2120302930,1984,0.0153,0.0261,0.0315
1075,2121084610,1984,0.1935,0.0018,0.0018
1076,2120303560,1984,0.1143,0.0036,0
1077,2120303650,1984,0.0081,0.0009,0.0063
1078,2120303550,1984,0.072,0.2907,1.5876
1079,2120303770,1984,0.0063,0,0
1080,2120301860,1984,0.0684,0.0297,0.0369
1081,2120301770,1984,0.0027,0.0081,0.0027
1082,2121084870,1984,0.0027,0.0027,0.0018
1083,2120301850,1984,0.0063,0,0.0018
1084,2120302060,1984,0.0243,0.0063,0.0648
1085,2120302350,1984,0.0081,0.0279,0.0324
1086,2120302420,1984,0.009,0.0081,0.1026
1087,2121083410,1984,0,0,0
1088,2121085060,1984,0.027,0.0162,0.0981
1089,2120302990,1984,0.0315,0.0198,0.0657
1090,2120302820,1984,0.0684,0.2808,7.7166
1091,2121085270,1984,0.0027,0.0216,0.117
1092,2121084020,1984,0.0171,0.0144,0
1093,2121083740,1984,0.0747,0.018,0.3951
1094,2120301300,1984,0.0036,0.0036,0.0018
1095,2120301150,1984,0.0234,0.0378,0.5103
1096,2120302240,1984,0.1026,0.0882,2.4894
1097,2120302050,1984,0,0.0045,0
1098,2120052950,1984,0.2961,0.0891,0.1629
1099,2120052960,1984,0,0,0.0027
1100,2120052970,1984,0.0639,0.009,0.0495
1101,2120052980,1984,0,0,0.0189
1102,2120052990,1984,0.0081,0.0027,0.0126
1103,2121085870,1984,0.0261,0.0468,0.1206
1104,2121085710,1984,0.117,0.0279,0.0927
1105,2121085520,1984,0.0036,0.0234,0.018
1106,2120053000,1984,1.7577,0.1134,0.8298
1107,2120053010,1984,0.1431,0.1215,0.783
1108,2121086680,1984,0.0171,0.1683,0.7875
1109,2120053020,1984,0.0198,0.0009,0.0405
1110,2120053030,1984,0.1017,0.0036,0.0198
1111,2121087000,1984,0.198,0.0819,0.1827
1112,2120053040,1984,0.081,0.1269,0.3465
1113,2120053050,1984,0.0378,0.0315,0.1359
1114,2121088000,1984,0.0441,0.0639,0.1062
1115,2120312530,1984,0.0279,0.2853,0.1161
1116,2120312650,1984,0.0369,0.0225,0.045
1117,2121088030,1984,0.1971,0.2556,0.2502
1118,2121089010,1984,0.0063,0.5382,5.8761
1119,2120312340,1984,0.0432,0.1521,0.0918
1120,2120312410,1984,0,0.0018,0.0072
1121,2120312100,1984,0.0234,0.1197,0.3762
1122,2120311990,1984,0.1377,0.3807,2.1429
1123,2121087240,1984,0.027,0.0567,0.0792
1124,2120312330,1984,0.009,0.1179,0.7362
1125,2120312400,1984,0.0036,0,0
1126,2120309910,1984,0.0117,0.0171,0.0045
1127,2120309900,1984,0.0045,0.0018,0
1128,2121088050,1984,0.0324,0.0171,0.2232
1129,2121086650,1984,0.0603,0.2187,11.7585
1130,2121088430,1984,0,0.0009,0.027
1131,2121086060,1984,0.0018,0.1809,1.4553
1132,2121089190,1984,0,0,0
1133,2121086420,1984,0.0927,0.2205,4.9887
1134,2120053060,1984,0.0396,0.0108,0.0324
1135,2120053070,1984,0.1503,0.063,0.099
1136,2121088820,1984,0.0684,0.0405,0.0981
1137,2120316280,1984,0.0189,0.0072,0
1138,2120316110,1984,0.009,0,0
1139,2121090280,1984,0.0864,0.0216,0.1161
1140,2121090160,1984,0.0054,0.0963,0.5949
1141,2121089820,1984,0.0243,0.0153,0.0054
1142,2121089720,1984,0.0387,0.1224,0.4419
1143,2120053080,1984,0.3753,0.0558,0.7749
1144,2120053090,1984,0.1962,0.1287,0.4554
1145,2120053100,1984,0.9108,0.1323,0.594
1146,2120319200,1984,0.2439,0.0216,0.0432
1147,2120319260,1984,0.1305,0.0954,0.2853
1148,2120320440,1984,0.0351,0.0117,0.0198
1149,2120320450,1984,0.0081,0,0
1150,2120320930,1984,0.297,0.0045,0.2259
1151,2120320830,1984,0.2322,0.0216,0.0558
1152,2121091260,1984,0.0216,0.0216,0.0063
1153,2120320250,1984,0.0009,0.009,0.0108
1154,2120320320,1984,0.0027,0,0
1155,2121090920,1984,0.0936,0.2466,2.3535
1156,2121090590,1984,0.135,0.3699,1.836
1157,2121090400,1984,0.0648,0.2169,4.7664
1158,2120053110,1984,0.1233,0.1458,0.4419
1159,2120053120,1984,0.4176,0.1701,1.0422
1160,2120053130,1984,0.0108,0.0036,0.0144
1161,2121091960,1984,0,0,0
1162,2120053140,1984,0.4923,0.1746,0.3483
1163,2120053150,1984,0.0162,0.0018,0.0162
1164,2120053160,1984,0,0,0
1165,2121094190,1984,0.0018,0,0
1166,2120053170,1984,2.2932,0.4437,2.7189
1167,2120053180,1984,0.5904,0.0414,0.0765
1168,2120053190,1984,0.0216,0,0.2646
1169,2120053200,1984,0.2583,0.0018,0.0324
1170,2120330910,1984,0.2322,0.0054,0.081
1171,2120330900,1984,0.0018,0,0
1172,2121095540,1984,0.0081,0,0
1173,2121095420,1984,0.0072,0.0009,0
1174,2120053210,1984,0.1908,0.0567,0.8352
1175,2120053220,1984,0.6093,0.0243,0.1269
1176,2121097310,1984,0.1314,0,0.0027
1177,2120053230,1984,0.153,0.0153,0.063
1178,2120053240,1984,0.8334,0.0045,0.0135
1179,2120335610,1984,0.5562,0.126,0.6453
1180,2120335620,1984,0.0819,0.0027,0
1181,2120335010,1984,0.027,0,0
1182,2120335200,1984,1.8432,0.4887,1.2249
1183,2120334500,1984,0.657,0.0252,0.0432
1184,2120334510,1984,0.0315,0.0198,0.09
1185,2120331650,1984,0.1854,0.0153,0.0144
1186,2120331660,1984,0.1242,0.0018,0.0045
1187,2120332620,1984,0.018,0.0009,0
1188,2120332480,1984,0.2313,0.0162,0.0126
1189,2121096380,1984,0.0126,0.0018,0
1190,2120330210,1984,0.054,0.0063,0.0189
1191,2120330140,1984,0.135,0.0099,0.0306
1192,2120334860,1984,1.3977,0.1422,0.594
1193,2120335000,1984,1.089,0.3474,1.8837
1194,2121096090,1984,0.144,0.0504,1.062
1195,2121094980,1984,0.099,0.0279,0.2358
1196,2120329040,1984,0,0,0
1197,2120329160,1984,0.054,0.0009,0.0036
1198,2121097230,1984,0.009,0.0162,0.0693
1199,2120328860,1984,0.0558,0,0.0009
1200,2120328790,1984,0.0396,0,0.0036
1201,2121098390,1984,0.3105,0.0369,0.1521
1202,2121096200,1984,0.2502,0.2286,1.9818
1203,2121096770,1984,0.0009,0.0045,0.1107
1204,2120327510,1984,0.0027,0,0
1205,2120327500,1984,0.3366,0.1206,0.4095
1206,2120325890,1984,0,0,0
1207,2120325750,1984,0.0162,0.0045,0.0018
1208,2121095570,1984,0.0225,0.0342,0.2853
1209,2120325980,1984,0.0063,0,0
1210,2120325740,1984,0.0027,0,0
1211,2121096140,1984,0.0648,0.0351,0.1278
1212,2120335900,1984,0.0594,0.0432,0.8379
1213,2120336020,1984,0.1188,0.1062,1.1502
1214,2120325970,1984,0.0198,0,0
1215,2120325880,1984,0.0207,0.0396,0.1098
1216,2121096710,1984,0.0171,0.0477,0.3096
1217,2120325420,1984,0.0144,0.0126,0.0153
1218,2120325430,1984,0.0072,0.0081,0.009
1219,2121093720,1984,0.0324,0,0
1220,2120325200,1984,0,0,0
1221,2120325190,1984,0.0153,0,0
1222,2120326620,1984,0.0216,0.0162,0.1053
1223,2120326500,1984,0.9504,0.0414,0.0279
1224,2121095170,1984,0.0045,0.0315,0.0306
1225,2121098000,1984,0.5094,0.0936,1.7082
1226,2121096370,1984,0.1116,0.0504,0.5814
1227,2120324580,1984,0.171,0.0009,0.0036
1228,2120324530,1984,0,0,0
1229,2121093690,1984,0.6615,0.0162,0.0108
1230,2121095590,1984,0.369,0.054,1.9521
1231,2120323670,1984,0.0099,0,0
1232,2120323610,1984,1.0593,0.0207,0.162
1233,2121097720,1984,0.1314,0.1377,1.6659
1234,2121093660,1984,0.1044,0.1323,0.6246
1235,2121093350,1984,0.0009,0.0099,0.0027
1236,2121095770,1984,0.0207,0.0063,0.0252
1237,2121094550,1984,0.2214,0.198,2.5011
1238,2121094920,1984,0.0045,0,0
1239,2121095530,1984,0.0522,0.0432,0.927
1240,2121093190,1984,0.0018,0.0054,0.0054
1241,2121094410,1984,0,0,0
1242,2121092240,1984,0.0072,0.0009,0.0081
1243,2121092350,1984,0,0,0
1244,2121093070,1984,0.0549,0.0216,0.3654
1245,2121092910,1984,0,0,0
1246,2121092420,1984,0,0,0
1247,2120053250,1984,0.0297,0.0099,0.0027
1248,2120053260,1984,0.0756,0.0126,0.0234
1249,2120337930,1984,0.0432,0.0081,0.1098
1250,2120337990,1984,0.7497,0.2502,0.4545
1251,2120337920,1984,0.459,0.0432,0.1269
1252,2120338110,1984,3.9861,0.1566,0.1629
1253,2120339170,1984,0.4401,0.0684,0.1935
1254,2120339260,1984,0.0747,0.0027,0
1255,2120340960,1984,0.2511,0,0.0018
1256,2120341140,1984,0.5301,0.0756,0.0513
1257,2121099630,1984,1.278,0.0846,0.153
1258,2120338830,1984,0.1161,0.0468,0.0198
1259,2120338700,1984,0.3555,0.1242,0.0558
1260,2120341800,1984,0.5742,0.1224,0.2295
1261,2120341890,1984,3.1914,0.1224,0.5562
1262,2121101570,1984,0.3681,0.0909,0.0765
1263,2120340040,1984,0.171,0.0765,0.3186
1264,2120339990,1984,1.1178,0.0522,0.3375
1265,2121102430,1984,1.5588,0.3087,0.4473
1266,2121102780,1984,1.1196,0.0945,0.7785
1267,2120341570,1984,0.0477,0.0171,0.0162
1268,2120341700,1984,0.27,0.1413,0.963
1269,2121099290,1984,0.1107,0.0855,0.1845
1270,2120345040,1984,0.5112,0.2196,0.4104
1271,2120345110,1984,0.7002,0.1737,0.1881
1272,2121100880,1984,0.0783,0.1944,2.007
1273,2120350020,1984,0.5805,0.1386,0.099
1274,2120350120,1984,0.405,0.0207,0.0756
1275,2121102420,1984,0.531,0.1458,0.2925
1276,2121101630,1984,0.3897,0.0387,0.0504
1277,2121100250,1984,0.153,0.3348,3.2166
1278,2121104450,1984,2.5758,0.4437,0.9738
1279,2121105000,1984,0.0315,0,0
1280,2121102070,1984,0.135,0.0432,0.0972
1281,2121105210,1984,1.6092,0.3456,1.1736
1282,2120353110,1984,1.5219,0.5598,1.3815
1283,2120352830,1984,0.2232,0.0738,0.1548
1284,2120354670,1984,0.0207,0.0036,0.0018
1285,2120354790,1984,0.4383,0.0162,0.0279
1286,2120354660,1984,0.4374,0.1125,0.8712
1287,2120354580,1984,0.3114,0.1656,0.4203
1288,2120354920,1984,2.4651,0.5742,2.556
1289,2120354650,1984,0.3294,0.0684,0.1683
1290,2121106490,1984,0.2556,0.0441,0.1791
1291,2121106900,1984,0.567,0.1962,1.9341
1292,2121105110,1984,0.0639,0.0018,0.0234
1293,2120358960,1984,0.1188,0.0639,0.2673
1294,2120359110,1984,0.3501,0.0756,0.3375
1295,2120355910,1984,2.2896,0.3456,0.4284
1296,2120355780,1984,0.0225,0.0423,0.0351
1297,2121106070,1984,0.1872,0.0639,0.0315
1298,2121106970,1984,0.1602,0.0054,0.0495
1299,2120350250,1984,0.0063,0,0
1300,2120350260,1984,0.081,0.054,0.8199
1301,2120362810,1984,0.0585,0.0036,0.0099
1302,2120362800,1984,0.4644,0.0846,0.0918
1303,2120358230,1984,0.5724,0.0738,0.3852
1304,2120358400,1984,0.1233,0,0
1305,2120358490,1984,0.9153,0.0792,0.1773
1306,2120358500,1984,0.369,0.0783,0.0954
1307,2121105750,1984,0.6066,0.0342,0.0072
1308,2121106820,1984,0.0531,0,0
1309,2120357860,1984,0.2259,0.054,0.1494
1310,2120357760,1984,0.3699,0.216,3.6387
1311,2120346970,1984,0.0171,0,0
1312,2120346860,1984,0.0711,0.0837,0.3429
1313,2120353100,1984,0.0027,0.0009,0
1314,2120352950,1984,0.2853,0.0963,1.1007
1315,2120361180,1984,0.1647,0.1224,0.396
1316,2120361280,1984,2.4669,0.549,1.7028
1317,2120351320,1984,4.2516,0.0009,0.0036
1318,2120351260,1984,0.0306,0,0
1319,2120356570,1984,0.0252,0.0171,0.0099
1320,2120356380,1984,0.0522,0.0216,0.2637
1321,2121102100,1984,0.4419,0.0261,0.0153
1322,2120364540,1984,0,0,0
1323,2120364610,1984,0.63,0.2835,0.756
1324,2120364430,1984,0.0864,0.1224,0.3087
1325,2120364600,1984,0.0549,0.0468,0.2025
1326,2121101170,1984,0.2682,0.5976,3.5406
1327,2120356560,1984,0.3006,0.1242,0.0963
1328,2120356680,1984,0.1494,0.0378,0.4302
1329,2120362530,1984,0.3654,0.0522,0.0621
1330,2120362680,1984,0.5157,0.0468,0.1071
1331,2121109230,1984,0.1269,0.2628,1.4814
1332,2121107450,1984,0.5103,0.1872,2.2743
1333,2121104930,1984,0.1008,0.1044,0.3825
1334,2121108690,1984,0.1566,0.1179,0.2709
1335,2120053270,1984,1.1853,0.0432,0.1341
1336,2120053280,1984,1.134,0.0171,0.1296
1337,2120053290,1984,0.0684,0.0027,0.0171
1338,2121099520,1984,0.2997,0.0351,0.1503
1339,2121099990,1984,0.1611,0.0018,0.0018
1340,2121100690,1984,0.072,0.0009,0.0054
1341,2120053300,1984,0.009,0.0018,0
1342,2120053310,1984,1.3176,0.324,2.5002
1343,2120053320,1984,0.0054,0.0054,0.0036
1344,2120340060,1984,0.0864,0.0513,1.2492
1345,2120340050,1984,0.0504,0.0009,0
1346,2120053330,1984,0.2133,0.1188,0.0063
1347,2120053340,1984,0.0648,0.0198,0.0045
1348,2120053350,1984,0.3006,0.0675,0.0279
1349,2120053360,1984,0.0324,0.0081,0.0072
1350,2120053370,1984,0.2475,0.2034,0.0972
1351,2120053380,1984,0.0531,0.0117,0
1352,2120348690,1984,0.1179,0.0126,0.0027
1353,2120348540,1984,0.0513,0.0126,0.0036
1354,2120053390,1984,0.6075,0.2718,0.0099
1355,2120053400,1984,0.1881,0.0315,0.0018
1356,2120053410,1984,0.1692,0.0207,0.0414
1357,2120352270,1984,0.0846,0.0189,0.0351
1358,2120352130,1984,0.0099,0.009,0
1359,2120351850,1984,0.0891,0.0225,0.0126
1360,2120351770,1984,0.225,0.0792,0.0639
1361,2120353190,1984,0.0648,0.0018,0.0243
1362,2120353350,1984,0.0009,0,0.0018
1363,2120349600,1984,0.0027,0.0009,0
1364,2120349610,1984,0.9288,0.3339,0.7092
1365,2120349230,1984,0.4329,0.0135,0.0117
1366,2120349480,1984,0.0387,0.0063,0
1367,2121102870,1984,0.1656,0,0
1368,2121104370,1984,0.0459,0,0.036
1369,2120346410,1984,0.0648,0.0063,0.0198
1370,2120346240,1984,0.1161,0,0.0027
1371,2121101810,1984,0.081,0,0
1372,2120346400,1984,0.1791,0.0486,0.2691
1373,2120346530,1984,1.4463,0.2817,1.449
1374,2120347880,1984,0.9774,0.0333,0.3222
1375,2120347960,1984,0.0315,0,0
1376,2120351620,1984,0.0702,0,0.072
1377,2120351610,1984,0.2448,0.0198,0.144
1378,2121105220,1984,0.0468,0.009,0.0081
1379,2120053420,1984,0.5049,0.4095,0.1224
1380,2120355500,1984,0.0306,0,0
1381,2120355610,1984,0.0405,0.0054,0.0009
1382,2121106760,1984,1.2321,0.2547,0.8658
1383,2121107570,1984,0.9081,0.8811,2.889
1384,2120358850,1984,0.0594,0.0045,0.0072
1385,2120359120,1984,0.027,0,0
1386,2120360430,1984,0.0783,0.0045,0.0054
1387,2120360150,1984,0.5931,0.1908,16.4583
1388,2121108450,1984,0.0756,0.0171,1.8513
1389,2121109130,1984,0.0144,0.0018,0.0018
1390,2121109170,1984,0.1278,0.0108,0.0783
1391,2120053430,1984,0.4167,0.0153,0.0198
1392,2120053440,1984,0.0036,0.0576,0
1393,2120053450,1984,0.1107,0.0126,0
1394,2120053460,1984,0.2538,0.0432,0
1395,2120053470,1984,0.0396,0.0009,0.0018
1396,2120358180,1984,0.0324,0,0
1397,2120358240,1984,0.0828,0.0216,0.018
1398,2121108380,1984,0.2853,0.1143,0.0693
1399,2121108530,1984,1.8981,0.7533,1.755
1400,2121108700,1984,0.324,0.2133,0.6651
1401,2121108780,1984,0.2736,0.1125,0.2583
1402,2121109080,1984,0.1755,0.1035,0.1134
1403,2121109980,1984,0.5148,0.36,1.0143
1404,2121110520,1984,2.2536,0.4635,0.8667
1405,2120370090,1984,1.4958,0.7812,1.7406
1406,2120370030,1984,0.0972,0.1107,0.3258
1407,2120371720,1984,0.2394,0.0468,0.0666
1408,2120371570,1984,0.7569,0.1341,4.0878
1409,2121111790,1984,0.1278,0.0864,0.3951
1410,2120053480,1984,0.5202,0.0315,0.0045
1411,2120053490,1984,0.2232,0.0054,0.0081
1412,2120053500,1984,1.5309,0.0711,0.2979
1413,2120358410,1984,0.0306,0.0162,0.0054
1414,2120358510,1984,0.0405,0.0711,0.1413
1415,2120358970,1984,0.9243,0.2331,0.7497
1416,2120359130,1984,0.4599,0.4581,0.4581
1417,2120362540,1984,10.7847,3.771,0.0144
1418,2120362690,1984,0.0855,0.0648,0.0189
1419,2120362040,1984,0.3087,0.0549,0.0657
1420,2120361700,1984,0.0387,0.0045,0.0045
1421,2120363440,1984,0.135,0.0216,0
1422,2120363260,1984,0.2178,0.1161,0.1449
1423,2120365110,1984,0,0,0
1424,2120365120,1984,0.4221,0.0144,0.0054
1425,2121108650,1984,0.306,0.0396,0.0531
1426,2120366320,1984,0.4374,0.0153,0.0045
1427,2120366310,1984,0.3294,0.0765,0.1332
1428,2121109740,1984,11.6577,1.4139,0.648
1429,2121109850,1984,0.4437,0.0909,0.0063
1430,2121108890,1984,0.3573,0.1701,0.1512
1431,2121109540,1984,0.09,0.0261,0.0045
1432,2120368750,1984,0.3141,0.1368,0.2367
1433,2120368810,1984,0.0405,0,0
1434,2121109560,1984,0.1395,0.0558,0.0351
1435,2120369810,1984,0.081,0.0315,0.0117
1436,2120369930,1984,0.1467,0.0432,0.0648
1437,2120368920,1984,0.7164,0.1647,0.306
1438,2120369000,1984,0.0468,0.0198,0.0036
1439,2121108580,1984,0.1224,0.0225,0.0513
1440,2121111020,1984,3.8295,0.477,0.3402
1441,2120367100,1984,0.1584,0.0387,0.0558
1442,2121112060,1984,0.0477,0.0846,0.1557
1443,2120367230,1984,0.0198,0.0198,0.0171
1444,2120367850,1984,0.1332,0.0333,0
1445,2120367660,1984,0.0837,0.0621,0.1683
1446,2121111330,1984,0.5346,0.0648,0.0666
1447,2120373660,1984,0.0198,0.0117,0
1448,2120373650,1984,0.0585,0.0693,0.0225
1449,2121111210,1984,1.9062,0.9243,2.0763
1450,2120374660,1984,0.0261,0.1116,0.0261
1451,2120374350,1984,0.0441,0.0036,0.0162
1452,2121109620,1984,0.2844,0.1143,0.1908
1453,2121113150,1984,0.0252,0.1017,0.0369
1454,2120369270,1984,0.7569,0.1179,0.2331
1455,2120369520,1984,1.6731,1.2411,11.4345
1456,2120371400,1984,0.0081,0.027,0.0009
1457,2120371580,1984,0.2457,0.2673,0.4041
1458,2120373800,1984,0.5787,0.1611,0.4518
1459,2120373950,1984,0.7542,0.2052,0.2997
1460,2121112970,1984,1.5561,1.1376,4.095
1461,2120376780,1984,0.171,0.0585,0.009
1462,2120376930,1984,0.0162,0.126,0.09
1463,2121111970,1984,0.0657,0.3537,0.3159
1464,2120375660,1984,0.4572,0.3078,0.9621
1465,2120375770,1984,0.1215,0.3501,0.9612
1466,2121114160,1984,0.1998,0.2331,0.5058
1467,2120376320,1984,0.0738,0.0117,0.0954
1468,2120376460,1984,0.0225,0.0783,0.1953
1469,2121115120,1984,0.6174,0.4473,0.3987
1470,2120378260,1984,0.0477,0.0549,0.2097
1471,2120378360,1984,0.0954,0.0549,0.2889
1472,2120053510,1984,0.0117,0.036,0.0018
1473,2120053520,1984,0.4689,0.0711,0.3465
1474,2120053530,1984,1.1367,0.1611,0.2322
1475,2120053540,1984,0.0486,0.0018,0
1476,2120053550,1984,0.9945,0.1737,0.639
1477,2120053560,1984,0.0054,0.0027,0.0585
1478,2120361580,1984,0.0198,0.0054,0.0603
1479,2120361450,1984,0.2889,0.6732,4.4298
1480,2120362550,1984,0.7848,0.2187,0.4932
1481,2120362700,1984,0.1116,0.0522,0.4572
1482,2120359400,1984,0.1386,0.2385,1.98
1483,2120359270,1984,0.1026,0.1323,0.9756
1484,2121109630,1984,0.3537,0.0459,0.1404
1485,2120361290,1984,0.0486,0.0459,0.0972
1486,2120361570,1984,0,0,0
1487,2121107060,1984,0.0693,0.0558,0.2358
1488,2120362050,1984,0.1881,0.0342,0.2394
1489,2120362180,1984,0.0171,0,0
1490,2121106200,1984,0.0864,0.063,0.072
1491,2121110180,1984,0.0801,0.0036,0.0018
1492,2121108110,1984,0.1953,0.0198,0.099
1493,2121107180,1984,0.3915,0.1674,0.3159
1494,2120368420,1984,0.0738,0,0.0018
1495,2120368560,1984,0.0144,0,0
1496,2120358050,1984,0.2934,0.0756,0.0828
1497,2120358190,1984,0.162,0.0567,0.0369
1498,2120053570,1984,0.1098,0.0153,0.1017
1499,2120053580,1984,0.4689,0.1035,0.4959
1500,2120053590,1984,0.1161,0.0522,0.1071
1501,2120053600,1984,6.2793,1.8693,0.6291
1502,2120053610,1984,6.4521,1.4679,0.2898
1503,2121112540,1984,0.036,0.018,0.0108
1504,2120053620,1984,6.5403,1.053,0.1935
1505,2120053630,1984,3.6297,0.3843,0.144
1506,2121113490,1984,0.1521,0.0324,0.0207
1507,2121112580,1984,0.009,0,0
1508,2120053640,1984,5.8041,1.8396,1.0512
1509,2120053650,1984,0.1341,0.0189,0.0981
1510,2121113200,1984,0.1575,0.0585,0.1134
1511,2121112450,1984,0.0036,0,0
1512,2120053660,1984,1.62,0.3366,1.9107
1513,2120053670,1984,0.0891,0.0477,0.0153
1514,2120378810,1984,0.0432,0.0585,0.0891
1515,2120378720,1984,0.0783,0.0387,0.045
1516,2121114640,1984,0.0099,0.036,0.0027
1517,2121113790,1984,0,0.0018,0
1518,2121113480,1984,0.0036,0.0315,0.0045
1519,2121113690,1984,0.0189,0.0009,0
1520,2120053680,1984,12.9654,2.1348,1.0332
1521,2120053690,1984,0.0135,0.0144,0.0477
1522,2120382060,1984,1.575,0.6165,6.831
1523,2120381960,1984,0.3636,0.1782,0.3735
1524,2121114910,1984,0.0216,0.0711,0.0279
1525,2120053700,1984,5.5179,0.7794,0.4545
1526,2120053710,1984,3.5199,0.4266,0.1737
1527,2120053720,1984,0.1386,0.1035,0.2466
1528,2120384870,1984,0.9009,0.7911,5.274
1529,2120384780,1984,0.3393,0.2223,0.1422
1530,2120385260,1984,0.3681,0.1035,0.0081
1531,2120385170,1984,0.2061,0.1404,0.0495
1532,2121115550,1984,0.1629,0.0216,0.0018
1533,2120053730,1984,3.2922,0.6939,0.4635
1534,2120053740,1984,1.0764,0.5121,0.3393
1535,2120053750,1984,1.3824,0.0198,0.0171
1536,2120053760,1984,0.7893,0.3609,0.3258
1537,2120053770,1984,7.308,0.6912,0.2304
1538,2120053780,1984,0.5904,0.2484,1.0557
1539,2120053790,1984,0.5994,0.1305,0.2331
1540,2120392060,1984,0.1539,0.2322,0.288
1541,2120391890,1984,0.2331,0.1467,0.4896
1542,2120392050,1984,0.3096,0.1863,0.423
1543,2120392200,1984,0.0162,0.0018,0
1544,2120392670,1984,0.0153,0.0495,0.0945
1545,2120392750,1984,0.0909,0.0927,0.1764
1546,2120391270,1984,0.0666,0.1512,1.1439
1547,2120391160,1984,0.1854,0.2115,0.3357
1548,2121120580,1984,0.2493,0.2016,0.7857
1549,2120391260,1984,0.1512,0.7281,4.401
1550,2120391560,1984,0.0018,0.0135,0.117
1551,2120392040,1984,0.0522,0.1656,0.6165
1552,2120392190,1984,0.0189,0.0198,0.0297
1553,2121117890,1984,0.5652,1.2195,4.4424
1554,2120392580,1984,0.0441,0.1791,0.45
1555,2120392660,1984,0.0918,0.027,0.0828
1556,2121117440,1984,0.2727,0.0495,0.0054
1557,2120384190,1984,0.2493,0.1728,0.1071
1558,2120384050,1984,0.2745,0.2043,0.2619
1559,2120392180,1984,0.0702,0.1467,0.5013
1560,2120392310,1984,0.0711,0.243,0.3294
1561,2120383360,1984,0,0,0
1562,2120383230,1984,0.0981,0.0126,0
1563,2120383500,1984,0,0,0
1564,2120383350,1984,0.0225,0.0135,0.0423
1565,2120383490,1984,0.1134,0,0
1566,2120383650,1984,0.0477,0.162,0.1674
1567,2121116310,1984,0.1188,0.0153,0
1568,2120394010,1984,0.0909,0.1296,0.7866
1569,2120393810,1984,0.1269,0.6129,3.5748
1570,2120394320,1984,0.0486,0.1359,0.2619
1571,2120394140,1984,0.4995,0.5076,5.6268
1572,2120394460,1984,0.2709,0.7056,1.7982
1573,2120394580,1984,0.0027,0.0117,0.018
1574,2120395070,1984,0.0747,0.1458,0.3582
1575,2120394790,1984,0.0153,0.0243,0.0603
1576,2120393160,1984,0.7605,0.8739,8.442
1577,2120393150,1984,0.7866,1.0557,5.3955
1578,2121121130,1984,0.0351,0.0585,0.0423
1579,2121121510,1984,0.5229,0.1233,0.3798
1580,2121119340,1984,0.8667,0.5832,0.72
1581,2121118890,1984,0.4716,1.062,2.7513
1582,2120399010,1984,0.1638,0.1242,0.0918
1583,2120399180,1984,0.0954,0.1296,0.1503
1584,2121121850,1984,0.0828,0.0864,0.0909
1585,2120389730,1984,0.3078,0.4347,0.9612
1586,2120389740,1984,0.0018,0.0252,0.0018
1587,2120388200,1984,0.0126,0.0468,0.027
1588,2120387960,1984,0.0288,0.0216,0.0063
1589,2120387970,1984,0.0594,0.1206,0.711
1590,2120387850,1984,0.0864,0.0279,0.0135
1591,2120399790,1984,0.3231,0.1908,0.4851
1592,2120399490,1984,0.0198,0.0063,0
1593,2121118720,1984,0.1782,0.1971,0.171
1594,2120385940,1984,0.5634,0.1152,0.2745
1595,2120385840,1984,0.0135,0.0144,0.0081
1596,2120391760,1984,0.2133,0.4203,1.0557
1597,2120391750,1984,0.7713,0.3384,1.4895
1598,2120392740,1984,1.5903,0.6111,2.7801
1599,2120392570,1984,0.0774,0.1125,0.027
1600,2120394570,1984,0,0.0252,0.0972
1601,2120394560,1984,0.0432,0.0108,0.0009
1602,2120394890,1984,1.3869,0.765,1.2609
1603,2120395060,1984,0.1269,0.1395,0.4779
1604,2120392030,1984,0.1161,0.1782,0.0333
1605,2120392170,1984,0.0027,0.0027,0.0009
1606,2120394450,1984,0.0585,0.0279,0.0891
1607,2120394210,1984,0.3897,0.0567,0.1251
1608,2120388190,1984,0.0009,0.0117,0.0027
1609,2120388180,1984,0.4149,0.1629,0.666
1610,2120394000,1984,0.0036,0.0081,0
1611,2120393800,1984,0.0063,0.0054,0.0018
1612,2120387540,1984,0.1161,0.0081,0.0081
1613,2120387440,1984,0.3339,0.2151,0.2889
1614,2121116890,1984,0.2286,0.0153,0.009
1615,2120393330,1984,0.0027,0.009,0.0036
1616,2120393570,1984,0,0.0009,0
1617,2121117740,1984,0.1233,0.0027,0.0018
1618,2120384390,1984,0.0108,0,0
1619,2120384640,1984,0.0027,0,0
1620,2120385050,1984,0.9549,0.0648,0.1098
1621,2120385060,1984,0.0207,0.0036,0
1622,2121120060,1984,0,0,0
1623,2120383140,1984,0.1584,0.0243,0.0171
1624,2120383050,1984,0.1899,0.0054,0.009
1625,2120383940,1984,0,0,0
1626,2120384180,1984,0.4086,0.198,2.4534
1627,2121115980,1984,0.4221,0.2259,0.7443
1628,2120382830,1984,0.0063,0.0027,0
1629,2120382680,1984,0.0918,0.0738,0.4743
1630,2121115590,1984,0.1872,0.1557,0.4842
1631,2120385750,1984,0.2421,0.0432,0.0747
1632,2120385620,1984,1.7145,0.3402,1.9386
1633,2121117400,1984,0.1575,0.189,0.4689
1634,2120378250,1984,0.0351,0.0072,0.0081
1635,2120378130,1984,0.0288,0.0216,0.0477
1636,2121115310,1984,0.009,0.0081,0
1637,2120386780,1984,0,0,0
1638,2120386500,1984,1.3968,0.3042,1.4562
1639,2120386770,1984,0.8541,0.009,0
1640,2120386920,1984,0.0648,0.0648,0.2052
1641,2121113050,1984,0.1755,0.072,0.324
1642,2121117850,1984,0.2745,0.0045,0.0027
1643,2121115890,1984,0.0972,0.0648,0.1647
1644,2120387430,1984,3.2742,0.7263,3.0204
1645,2120387340,1984,1.1007,0.3195,2.2446
1646,2120053800,1984,0.0126,0.0216,0.1521
1647,2120053810,1984,1.6776,1.2393,3.2733
1648,2120053820,1984,0.2898,0.2889,1.2798
1649,2121121000,1984,0.3339,0.081,0.2655
1650,2120398470,1984,0.0045,0.0018,0.0018
1651,2120398600,1984,0.2286,0.0405,0.0495
1652,2120399020,1984,0.2772,0.0324,0.0234
1653,2120399190,1984,0.4401,0.2286,3.4605
1654,2121121870,1984,0.4401,0.1098,0.2079
1655,2121122330,1984,0.0675,0.0216,0.0171
1656,2120400260,1984,0.117,0.3933,1.6434
1657,2120400380,1984,0.0063,0.0036,0.0036
1658,2121122690,1984,0.1341,0.2322,1.3581
1659,2120053830,1984,1.9395,1.1034,2.3715
1660,2120053840,1984,0.2736,0.2214,0.3987
1661,2120053850,1984,0.1773,0.0279,0.2709
1662,2120396190,1984,0.3258,0.369,1.3311
1663,2120396230,1984,0.1089,0.0711,0.162
1664,2121121520,1984,0.1944,0.0828,0.2151
1665,2121122530,1984,0.0756,0.0198,0.0126
1666,2120053860,1984,0.2061,0.1062,0.6327
1667,2120053870,1984,2.646,0.9495,2.8899
1668,2120053880,1984,0.2349,0.2592,0.7074
1669,2120406020,1984,0.0099,0.0135,0.0099
1670,2120406360,1984,0.0288,0.0837,0.1134
1671,2120404220,1984,0.0333,0.009,0.0036
1672,2120404420,1984,0.0792,0.153,0.6444
1673,2121124010,1984,0.0342,0.0288,0.1116
1674,2120053890,1984,0.2556,0.297,0.2997
1675,2120053900,1984,0.054,0.0432,0.0216
1676,2120053910,1984,0.5967,0.0405,0.0855
1677,2120053920,1984,0.0648,0.027,0.6093
1678,2120053930,1984,0.0009,0.0198,0.0162
1679,2120053940,1984,0.0999,0.0576,0.2781
1680,2120406530,1984,0.0198,0.0351,0.0081
1681,2120406350,1984,0.252,0.2448,0.8442
1682,2120053950,1984,0.0243,0.0594,0.3546
1683,2120053960,1984,0.0207,0.0288,0.027
1684,2120406680,1984,0.0387,0.036,0.0252
1685,2120406520,1984,0.1764,0.0711,0.0576
1686,2120053970,1984,0.0117,0.0315,0.063
1687,2120054000,1984,2.8764,0.8703,20.3283
1688,2120054010,1984,2.7108,0.4401,23.3676
1689,2120054020,1984,2.7468,0.7632,19.278
1690,2120054030,1984,4.7097,1.2123,29.2347
1691,2120054040,1984,2.4192,1.0413,11.4012
1692,2120054050,1984,1.6047,0.5778,7.3692
1693,2120054060,1984,2.1285,1.161,26.9028
1694,2120054070,1984,0.2295,0.171,1.476
1695,2120054080,1984,0.5949,0.7335,15.2208
1696,2120054090,1984,0.5436,0.2223,1.2384
1697,2120054100,1984,0.0063,0.0351,0.1566
1698,2120054110,1984,0.0018,0.0351,0.0612
1699,2120054120,1984,0.0981,0.0072,0.0621
1700,2120054130,1984,0,0,0.0378
1701,2120054140,1984,0.0198,0.1134,0.7929
1702,2120054150,1984,0.2403,0.6354,32.7951
1703,2120054160,1984,0.4905,0.4005,8.7282
1704,2120054170,1984,0.1647,0.3969,1.5624
1705,2120054180,1984,0.4842,0.5463,0.8523
1706,2120054190,1984,0.2907,0.9315,2.7576
1707,2120326610,1984,0,0.0081,0.0018
1708,2120055290,1984,0.126,0.0405,5.4936
1709,2121092140,1984,0.0999,0.1953,2.1015
1710,2120055300,1984,0,0,0
1711,2120055310,1984,0.2241,0.315,14.1021
1712,2120321000,1984,0.0909,0.1053,31.5558
1713,2120320890,1984,0.2637,0.6876,24.4737
1714,2120321120,1984,0.5733,1.1268,64.3041
1715,2120320900,1984,0.2682,0.3231,25.3521
1716,2120322200,1984,0.0261,0.1413,2.7171
1717,2120322260,1984,0.2673,0.7884,7.1235
1718,2120323150,1984,0.3843,0.189,1.6623
1719,2120323160,1984,0.3276,0.5832,1.3023
1720,2120323660,1984,0.9207,0.5445,2.5866
1721,2120323740,1984,0.378,0.3042,4.9365
1722,2120324450,1984,0.1485,0.612,3.1725
1723,2120324460,1984,0.6849,1.2555,13.8384
1724,2120324870,1984,0.306,0.5436,2.0295
1725,2120324930,1984,0.7434,2.5839,16.8237
1726,2121093060,1984,0.1386,0.2781,7.1226
1727,2120326100,1984,0.0081,0.099,0.1503
1728,2120326230,1984,0.0234,0.1575,0.5265
1729,2120326110,1984,0.0378,0.297,0.855
1730,2120326030,1984,0.2043,1.8315,3.573
1731,2121092620,1984,0.0324,0.0621,0.2268
1732,2121094400,1984,0.0342,0.0774,0.0666
1733,2121093800,1984,0.0594,0.234,0.4401
1734,2120055500,1984,0,0,0
1735,2120055530,1984,0.0378,0.054,0.2826
1736,2120055540,1984,0.6201,0.1971,12.3444
1737,2120313760,1984,0.0918,0.0243,0.1548
1738,2120313790,1984,0.1593,0.0612,0.3906
1739,2120314360,1984,0.0369,0.0018,0.0054
1740,2120314530,1984,0.171,0.0396,0.1197
1741,2120314520,1984,0.0306,0.0018,0.009
1742,2120316090,1984,0,0.0108,0
1743,2120316190,1984,0,0,0
1744,2120316540,1984,0,0,0
1745,2120316430,1984,0,0,0
1746,2120316100,1984,0.0252,0.0396,0.072
1747,2120315970,1984,0,0,0
1748,2120317280,1984,0,0.0225,0.0351
1749,2120317170,1984,0,0,0
1750,2120318570,1984,0.0306,0.0036,0.1575
1751,2120318660,1984,0.0018,0,0
1752,2121089810,1984,0,0,0
1753,2120318950,1984,0,0,0
1754,2120318840,1984,0.0063,0.0072,0.0045
1755,2120319540,1984,0.0018,0,0
1756,2120319530,1984,0.0612,0.0747,0.0414
1757,2121090870,1984,0.1278,0.1179,0.6264
1758,2120055550,1984,0.0513,0.045,0.5103
1759,2120055560,1984,0.0882,0.0837,0.2295
1760,2121088350,1984,0.0072,0.0009,0
1761,2120055570,1984,0.126,0.18,0.7569
1762,2120055580,1984,0.0855,0.0603,0.1521
1763,2120310960,1984,0,0,0
1764,2120311060,1984,0,0,0
1765,2121088220,1984,0.1197,0.0216,0.153
1766,2120055590,1984,0.3447,0.108,1.2186
1767,2120055600,1984,0.2538,0.3366,2.0439
1768,2120311120,1984,0.0216,0.018,0.0054
1769,2120311110,1984,0.0252,0.0063,0.2457
1770,2120311190,1984,0.0495,0.0054,0.0081
1771,2120311280,1984,0.0099,0.0099,0.0009
1772,2120311360,1984,0.0171,0.0045,0
1773,2120311370,1984,0.4437,0.5436,0.3213
1774,2121087730,1984,0.0243,0.0603,0.3519
1775,2120313970,1984,0.9225,0.7911,13.6449
1776,2120313960,1984,0,0.0468,0.0108
1777,2120316200,1984,0.1917,0.0522,5.0202
1778,2120316270,1984,0.0441,0.0567,14.3226
1779,2120316910,1984,0.0693,0.0801,20.0403
1780,2120317050,1984,0,0,1.0908
1781,2120317180,1984,0.054,0.1863,123.0336
1782,2120316920,1984,0.1575,0.1683,62.6544
1783,2120318390,1984,0,0,0.3951
1784,2120318480,1984,0.1134,0.2556,104.2992
1785,2120318270,1984,0.315,0.576,80.4051
1786,2120318490,1984,0.3015,0.6777,124.254
1787,2120317290,1984,0.0981,0.2313,40.2714
1788,2120317190,1984,0.0603,0.0666,11.1798
1789,2121089240,1984,0.1323,0.0621,0.8829
1790,2120318180,1984,0,0,0
1791,2120318120,1984,0.0225,0.0144,0.0423
1792,2120319730,1984,0.4167,0.5877,44.019
1793,2120319810,1984,0.1656,0.3141,17.1657
1794,2120318380,1984,0.1566,0.0594,0.1134
1795,2120318470,1984,0.0009,0.0045,0
1796,2121090010,1984,0.0099,0.0252,0.0603
1797,2120314910,1984,0.0243,0.0099,0.2943
1798,2120314870,1984,0.0315,0.009,0.0045
1799,2120320920,1984,0.0495,0.0072,0.0675
1800,2120320910,1984,0.0567,0.0378,0.0954
1801,2121089900,1984,0.0621,0.0189,0.0864
1802,2121088670,1984,0.0117,0.0207,0.0477
1803,2120322440,1984,0.0432,0.0342,0.351
1804,2120322500,1984,0.0648,0.0729,0.1944
1805,2121092450,1984,0.2961,0.1134,0.8217
1806,2120321900,1984,0.0927,0.1971,0.8676
1807,2120322020,1984,0.0369,0.0252,0.072
1808,2120323200,1984,0.0027,0.0504,0.3078
1809,2120323350,1984,0.1179,0.1062,0.5085
1810,2121093200,1984,0.0045,0.0063,0.0009
1811,2121093140,1984,0.1674,0.4356,1.9737
1812,2121092270,1984,0.0189,0.0504,0.1107
1813,2121091950,1984,0.0243,0.0972,0.2088
1814,2120055610,1984,0.1071,0.0864,0.7308
1815,2120055620,1984,0.0117,0.0009,0.0432
1816,2120310240,1984,0,0.0018,0
1817,2120310310,1984,0.0315,0.0918,0.3213
1818,2120055630,1984,0.5175,0.5418,1.7379
1819,2120055640,1984,0.4212,0.2781,9.5922
1820,2120055650,1984,0.3744,0.9873,2.8512
1821,2120055660,1984,1.1538,0.8208,3.2238
1822,2121091220,1984,0.1323,0.1449,0.4518
1823,2121091460,1984,0.1107,0.0675,0.0666
1824,2121092160,1984,0.0558,0.0342,0.135
1825,2120055670,1984,1.8369,3.3165,21.0303
1826,2120055680,1984,0.7731,3.0276,31.923
1827,2120055690,1984,0.2439,0.4176,1.2465
1828,2121092340,1984,0.2196,0.342,0.7164
1829,2120055700,1984,0.6291,2.1132,13.5252
1830,2120055710,1984,0.1008,0.4662,1.8288
1831,2120055720,1984,0.6219,0.2898,2.1897
1832,2120055730,1984,0.2754,0.27,2.6298
1833,2121093630,1984,0.0963,0.2871,0.9009
1834,2120055740,1984,0,0,0
1835,2120055750,1984,0.0036,0.0027,0
1836,2121095120,1984,0.0738,0.1467,0.2286
1837,2120055770,1984,0.0666,0.0576,0.5013
1838,2121094730,1984,0.0954,0.2484,1.0359
1839,2120059370,1984,0.0531,0.0756,0.4707
1840,2120059380,1984,2.6469,3.0555,17.4744
1841,2120059390,1984,0.8343,0.4428,4.2372
1842,2120059400,1984,0.144,0.0279,0.2655
1843,2120059410,1984,0.774,1.1268,8.4096
1844,2120059420,1984,3.0879,1.2087,13.4451
1845,2120059430,1984,2.0115,0.5031,7.2702
1846,2120059440,1984,1.5867,0.3321,4.3506